api,signature,cycle_ms
PRIVATE_IP_021,FC3_addr0_qty86,1001.361847
PRIVATE_IP_021,FC3_addr94_qty86,1004.370928
PRIVATE_IP_021,FC3_addr0_qty86,999.971151
PRIVATE_IP_021,FC3_addr94_qty86,999.217987
PRIVATE_IP_021,FC3_addr94_qty75,2004.168034
PRIVATE_IP_021,FC3_addr0_qty86,1000.214815
PRIVATE_IP_021,FC3_addr94_qty86,998.077869
PRIVATE_IP_021,FC3_addr0_qty75,2000.397921
PRIVATE_IP_021,FC3_addr3_qty1,1998.520851
PRIVATE_IP_021,FC3_addr97_qty1,1993.453979
PRIVATE_IP_021,FC3_addr0_qty86,1002.125025
PRIVATE_IP_021,FC3_addr94_qty86,1004.051208
PRIVATE_IP_021,FC3_addr94_qty75,1997.903109
PRIVATE_IP_021,FC3_addr0_qty86,999.372005
PRIVATE_IP_021,FC3_addr94_qty86,999.741793
PRIVATE_IP_021,FC3_addr0_qty75,2000.622988
PRIVATE_IP_021,FC3_addr3_qty1,1999.101162
PRIVATE_IP_021,FC3_addr97_qty1,2002.409935
PRIVATE_IP_021,FC3_addr0_qty86,1000.452042
PRIVATE_IP_021,FC3_addr94_qty86,996.505022
PRIVATE_IP_021,FC3_addr94_qty75,2001.198053
PRIVATE_IP_021,FC3_addr0_qty86,1001.677036
PRIVATE_IP_021,FC3_addr94_qty86,1004.314184
PRIVATE_IP_021,FC3_addr0_qty75,2001.151085
PRIVATE_IP_021,FC3_addr3_qty1,2004.045010
PRIVATE_IP_021,FC3_addr97_qty1,2000.248909
PRIVATE_IP_021,FC3_addr0_qty86,1000.982046
PRIVATE_IP_021,FC3_addr94_qty86,1000.813961
PRIVATE_IP_021,FC3_addr94_qty75,2000.452995
PRIVATE_IP_021,FC3_addr0_qty86,1000.905037
PRIVATE_IP_021,FC3_addr94_qty86,1001.852036
PRIVATE_IP_021,FC3_addr0_qty75,2000.723839
PRIVATE_IP_021,FC3_addr3_qty1,2001.375914
PRIVATE_IP_021,FC3_addr97_qty1,2007.137060
PRIVATE_IP_021,FC3_addr0_qty86,999.889851
PRIVATE_IP_021,FC3_addr94_qty86,997.807980
PRIVATE_IP_021,FC3_addr94_qty75,1999.990940
PRIVATE_IP_021,FC3_addr0_qty86,1001.971006
PRIVATE_IP_021,FC3_addr94_qty86,1004.406929
PRIVATE_IP_021,FC3_addr0_qty75,2000.896215
PRIVATE_IP_021,FC3_addr3_qty1,2000.537872
PRIVATE_IP_021,FC3_addr97_qty1,1999.000072
PRIVATE_IP_021,FC3_addr0_qty86,999.860048
PRIVATE_IP_021,FC3_addr94_qty86,996.392012
PRIVATE_IP_021,FC3_addr94_qty75,2001.424074
PRIVATE_IP_021,FC3_addr0_qty86,1000.271082
PRIVATE_IP_021,FC3_addr94_qty86,1003.037930
PRIVATE_IP_021,FC3_addr0_qty75,1998.428822
PRIVATE_IP_021,FC3_addr3_qty1,2002.543211
PRIVATE_IP_021,FC3_addr97_qty1,2002.357006
PRIVATE_IP_021,FC3_addr0_qty86,1000.879049
PRIVATE_IP_021,FC3_addr94_qty86,1000.179052
PRIVATE_IP_021,FC3_addr94_qty75,2000.545979
PRIVATE_IP_021,FC3_addr0_qty86,1001.406908
PRIVATE_IP_021,FC3_addr94_qty86,1001.867056
PRIVATE_IP_021,FC3_addr0_qty75,2001.280069
PRIVATE_IP_021,FC3_addr3_qty1,1998.961926
PRIVATE_IP_021,FC3_addr97_qty1,1996.585846
PRIVATE_IP_021,FC3_addr0_qty86,999.777079
PRIVATE_IP_021,FC3_addr94_qty86,1000.277996
PRIVATE_IP_021,FC3_addr94_qty75,2008.647919
PRIVATE_IP_021,FC3_addr0_qty86,1001.048803
PRIVATE_IP_021,FC3_addr94_qty86,1001.095057
PRIVATE_IP_021,FC3_addr0_qty75,2001.785040
PRIVATE_IP_021,FC3_addr3_qty1,2000.277996
PRIVATE_IP_021,FC3_addr97_qty1,1999.989033
PRIVATE_IP_021,FC3_addr0_qty86,1000.539064
PRIVATE_IP_021,FC3_addr94_qty86,1002.363920
PRIVATE_IP_021,FC3_addr94_qty75,1997.324944
PRIVATE_IP_021,FC3_addr0_qty86,1001.189947
PRIVATE_IP_021,FC3_addr94_qty86,1000.985861
PRIVATE_IP_021,FC3_addr0_qty75,2000.062943
PRIVATE_IP_021,FC3_addr3_qty1,2000.756979
PRIVATE_IP_021,FC3_addr97_qty1,1998.013020
PRIVATE_IP_021,FC3_addr0_qty86,1000.531197
PRIVATE_IP_021,FC3_addr94_qty86,999.101162
PRIVATE_IP_021,FC3_addr94_qty75,1999.895096
PRIVATE_IP_021,FC3_addr0_qty86,1004.006863
PRIVATE_IP_021,FC3_addr94_qty86,1003.813028
PRIVATE_IP_021,FC3_addr0_qty75,2003.126144
PRIVATE_IP_021,FC3_addr3_qty1,2001.914024
PRIVATE_IP_021,FC3_addr97_qty1,2004.868031
PRIVATE_IP_021,FC3_addr0_qty86,1001.030922
PRIVATE_IP_021,FC3_addr94_qty86,1000.828028
PRIVATE_IP_021,FC3_addr94_qty75,2001.704931
PRIVATE_IP_021,FC3_addr0_qty86,998.028994
PRIVATE_IP_021,FC3_addr94_qty86,1000.317812
PRIVATE_IP_021,FC3_addr0_qty75,1998.668909
PRIVATE_IP_021,FC3_addr3_qty1,1997.097969
PRIVATE_IP_021,FC3_addr97_qty1,1996.042013
PRIVATE_IP_021,FC3_addr0_qty86,999.631166
PRIVATE_IP_021,FC3_addr94_qty86,997.140169
PRIVATE_IP_021,FC3_addr94_qty75,2003.819942
PRIVATE_IP_021,FC3_addr0_qty86,1001.005888
PRIVATE_IP_021,FC3_addr94_qty86,1001.088858
PRIVATE_IP_021,FC3_addr0_qty75,2000.316858
PRIVATE_IP_021,FC3_addr3_qty1,2007.571936
PRIVATE_IP_021,FC3_addr97_qty1,2007.236004
PRIVATE_IP_021,FC3_addr0_qty86,999.878168
PRIVATE_IP_021,FC3_addr94_qty86,997.789145
PRIVATE_IP_021,FC3_addr94_qty75,1998.373032
PRIVATE_IP_021,FC3_addr0_qty86,1002.196789
PRIVATE_IP_021,FC3_addr94_qty86,1009.267807
PRIVATE_IP_021,FC3_addr0_qty75,2000.554085
PRIVATE_IP_021,FC3_addr3_qty1,1993.947983
PRIVATE_IP_021,FC3_addr97_qty1,1997.855902
PRIVATE_IP_021,FC3_addr0_qty86,998.284101
PRIVATE_IP_021,FC3_addr94_qty86,994.518995
PRIVATE_IP_021,FC3_addr94_qty75,2001.531124
PRIVATE_IP_021,FC3_addr0_qty86,1000.854969
PRIVATE_IP_021,FC3_addr94_qty86,1002.759218
PRIVATE_IP_021,FC3_addr0_qty75,2001.502037
PRIVATE_IP_021,FC3_addr3_qty1,2002.935171
PRIVATE_IP_021,FC3_addr97_qty1,2002.509117
PRIVATE_IP_021,FC3_addr0_qty86,1000.040054
PRIVATE_IP_021,FC3_addr94_qty86,995.082855
PRIVATE_IP_021,FC3_addr94_qty75,2002.476931
PRIVATE_IP_021,FC3_addr0_qty86,1001.276016
PRIVATE_IP_021,FC3_addr94_qty86,1002.300978
PRIVATE_IP_021,FC3_addr0_qty75,1998.750925
PRIVATE_IP_021,FC3_addr3_qty1,1996.827841
PRIVATE_IP_021,FC3_addr97_qty1,1995.364904
PRIVATE_IP_021,FC3_addr0_qty86,999.310970
PRIVATE_IP_021,FC3_addr94_qty86,1001.285076
PRIVATE_IP_021,FC3_addr94_qty75,2000.588894
PRIVATE_IP_021,FC3_addr0_qty86,1001.967907
PRIVATE_IP_021,FC3_addr94_qty86,998.286009
PRIVATE_IP_021,FC3_addr0_qty75,2000.625134
PRIVATE_IP_021,FC3_addr3_qty1,2001.582146
PRIVATE_IP_021,FC3_addr97_qty1,1999.364138
PRIVATE_IP_021,FC3_addr0_qty86,999.055147
PRIVATE_IP_021,FC3_addr94_qty86,1000.053883
PRIVATE_IP_021,FC3_addr94_qty75,1998.122215
PRIVATE_IP_021,FC3_addr0_qty86,999.795914
PRIVATE_IP_021,FC3_addr94_qty86,1001.753092
PRIVATE_IP_021,FC3_addr0_qty75,2000.509024
PRIVATE_IP_021,FC3_addr3_qty1,1999.576807
PRIVATE_IP_021,FC3_addr97_qty1,2003.152847
PRIVATE_IP_021,FC3_addr0_qty86,1001.224041
PRIVATE_IP_021,FC3_addr94_qty86,1000.473976
PRIVATE_IP_021,FC3_addr94_qty75,2001.056910
PRIVATE_IP_021,FC3_addr0_qty86,999.803066
PRIVATE_IP_021,FC3_addr94_qty86,1001.435041
PRIVATE_IP_021,FC3_addr0_qty75,1998.935938
PRIVATE_IP_021,FC3_addr3_qty1,1997.531176
PRIVATE_IP_021,FC3_addr97_qty1,1995.784044
PRIVATE_IP_021,FC3_addr0_qty86,1001.444817
PRIVATE_IP_021,FC3_addr94_qty86,999.572039
PRIVATE_IP_021,FC3_addr94_qty75,2001.327991
PRIVATE_IP_021,FC3_addr0_qty86,1000.823975
PRIVATE_IP_021,FC3_addr94_qty86,1000.769854
PRIVATE_IP_021,FC3_addr0_qty75,2001.559019
PRIVATE_IP_021,FC3_addr3_qty1,2006.673813
PRIVATE_IP_021,FC3_addr97_qty1,2007.078171
PRIVATE_IP_021,FC3_addr0_qty86,999.939203
PRIVATE_IP_021,FC3_addr94_qty86,997.928143
PRIVATE_IP_021,FC3_addr94_qty75,2000.643969
PRIVATE_IP_021,FC3_addr0_qty86,1001.744986
PRIVATE_IP_021,FC3_addr94_qty86,1002.956867
PRIVATE_IP_021,FC3_addr0_qty75,2000.239849
PRIVATE_IP_021,FC3_addr3_qty1,1998.632193
PRIVATE_IP_021,FC3_addr97_qty1,2004.154921
PRIVATE_IP_021,FC3_addr0_qty86,999.997854
PRIVATE_IP_021,FC3_addr94_qty86,999.789000
PRIVATE_IP_021,FC3_addr94_qty75,2000.129938
PRIVATE_IP_021,FC3_addr0_qty86,1001.446009
PRIVATE_IP_021,FC3_addr94_qty86,1002.176046
PRIVATE_IP_021,FC3_addr0_qty75,2002.011061
PRIVATE_IP_021,FC3_addr3_qty1,2001.137018
PRIVATE_IP_021,FC3_addr97_qty1,1993.448973
PRIVATE_IP_021,FC3_addr0_qty86,1003.178120
PRIVATE_IP_021,FC3_addr94_qty86,1004.220963
PRIVATE_IP_021,FC3_addr94_qty75,2001.013041
PRIVATE_IP_021,FC3_addr0_qty86,998.587847
PRIVATE_IP_021,FC3_addr94_qty86,1007.796049
PRIVATE_IP_021,FC3_addr0_qty75,1999.886990
PRIVATE_IP_021,FC3_addr3_qty1,1999.061823
PRIVATE_IP_021,FC3_addr97_qty1,2002.719879
PRIVATE_IP_021,FC3_addr0_qty86,998.972178
PRIVATE_IP_021,FC3_addr94_qty86,992.908955
PRIVATE_IP_021,FC3_addr94_qty75,2001.665115
PRIVATE_IP_021,FC3_addr0_qty86,1002.434969
PRIVATE_IP_021,FC3_addr94_qty86,998.970032
PRIVATE_IP_021,FC3_addr0_qty75,2002.696991
PRIVATE_IP_021,FC3_addr3_qty1,2007.493019
PRIVATE_IP_021,FC3_addr97_qty1,2004.813194
PRIVATE_IP_021,FC3_addr0_qty86,998.594999
PRIVATE_IP_021,FC3_addr94_qty86,996.062994
PRIVATE_IP_021,FC3_addr94_qty75,2000.022888
PRIVATE_IP_021,FC3_addr0_qty86,999.079943
PRIVATE_IP_021,FC3_addr94_qty86,999.958038
PRIVATE_IP_021,FC3_addr0_qty75,1999.428988
PRIVATE_IP_021,FC3_addr3_qty1,1994.342089
PRIVATE_IP_021,FC3_addr97_qty1,1993.469954
PRIVATE_IP_021,FC3_addr0_qty86,999.890089
PRIVATE_IP_021,FC3_addr94_qty86,1001.578093
PRIVATE_IP_021,FC3_addr94_qty75,2001.438141
PRIVATE_IP_021,FC3_addr0_qty86,1000.500917
PRIVATE_IP_021,FC3_addr94_qty86,998.307943
PRIVATE_IP_021,FC3_addr0_qty75,2002.927065
PRIVATE_IP_021,FC3_addr3_qty1,2004.273891
PRIVATE_IP_021,FC3_addr97_qty1,2006.612062
PRIVATE_IP_021,FC3_addr0_qty86,999.571085
PRIVATE_IP_021,FC3_addr94_qty86,1004.212856
PRIVATE_IP_021,FC3_addr94_qty75,2006.114006
PRIVATE_IP_021,FC3_addr0_qty86,1000.967026
PRIVATE_IP_021,FC3_addr94_qty86,999.018192
PRIVATE_IP_021,FC3_addr0_qty75,1998.086929
PRIVATE_IP_021,FC3_addr3_qty1,2002.120018
PRIVATE_IP_021,FC3_addr97_qty1,2002.264023
PRIVATE_IP_021,FC3_addr0_qty86,1000.156879
PRIVATE_IP_021,FC3_addr94_qty86,1000.514030
PRIVATE_IP_021,FC3_addr94_qty75,1996.768951
PRIVATE_IP_021,FC3_addr0_qty86,999.592066
PRIVATE_IP_021,FC3_addr94_qty86,999.672890
PRIVATE_IP_021,FC3_addr0_qty75,2001.245022
PRIVATE_IP_021,FC3_addr3_qty1,1996.433020
PRIVATE_IP_021,FC3_addr97_qty1,1996.752977
PRIVATE_IP_021,FC3_addr0_qty86,1000.226021
PRIVATE_IP_021,FC3_addr94_qty86,997.657061
PRIVATE_IP_021,FC3_addr94_qty75,1999.004841
PRIVATE_IP_021,FC3_addr0_qty86,1003.708839
PRIVATE_IP_021,FC3_addr94_qty86,1009.060860
PRIVATE_IP_021,FC3_addr0_qty75,1999.889135
PRIVATE_IP_021,FC3_addr3_qty1,2004.415035
PRIVATE_IP_021,FC3_addr97_qty1,2004.645824
PRIVATE_IP_021,FC3_addr0_qty86,998.409033
PRIVATE_IP_021,FC3_addr94_qty86,996.427059
PRIVATE_IP_021,FC3_addr94_qty75,2001.001120
PRIVATE_IP_021,FC3_addr0_qty86,1004.343987
PRIVATE_IP_021,FC3_addr94_qty86,1005.249977
PRIVATE_IP_021,FC3_addr0_qty75,2001.317024
PRIVATE_IP_021,FC3_addr3_qty1,1998.888016
PRIVATE_IP_021,FC3_addr97_qty1,1998.643160
PRIVATE_IP_021,FC3_addr0_qty86,995.419979
PRIVATE_IP_021,FC3_addr94_qty86,1002.030134
PRIVATE_IP_021,FC3_addr94_qty75,2002.243042
PRIVATE_IP_021,FC3_addr0_qty86,1002.555132
PRIVATE_IP_021,FC3_addr94_qty86,992.410898
PRIVATE_IP_021,FC3_addr0_qty75,2002.125978
PRIVATE_IP_021,FC3_addr3_qty1,1999.695063
PRIVATE_IP_021,FC3_addr97_qty1,1997.637033
PRIVATE_IP_021,FC3_addr0_qty86,1001.184940
PRIVATE_IP_021,FC3_addr94_qty86,1003.138065
PRIVATE_IP_021,FC3_addr94_qty75,2001.775026
PRIVATE_IP_021,FC3_addr0_qty86,999.897957
PRIVATE_IP_021,FC3_addr94_qty86,1002.853870
PRIVATE_IP_021,FC3_addr0_qty75,2000.653028
PRIVATE_IP_021,FC3_addr3_qty1,2002.727985
PRIVATE_IP_021,FC3_addr97_qty1,2004.248857
PRIVATE_IP_021,FC3_addr0_qty86,1002.361059
PRIVATE_IP_021,FC3_addr94_qty86,1000.621080
PRIVATE_IP_021,FC3_addr94_qty75,1998.224020
PRIVATE_IP_021,FC3_addr0_qty86,1000.883102
PRIVATE_IP_021,FC3_addr94_qty86,998.660088
PRIVATE_IP_021,FC3_addr0_qty75,1999.027967
PRIVATE_IP_021,FC3_addr3_qty1,1996.046066
PRIVATE_IP_021,FC3_addr97_qty1,1994.729042
PRIVATE_IP_021,FC3_addr0_qty86,1000.324965
PRIVATE_IP_021,FC3_addr94_qty86,1000.185966
PRIVATE_IP_021,FC3_addr94_qty75,2001.848936
PRIVATE_IP_021,FC3_addr0_qty86,1001.557827
PRIVATE_IP_021,FC3_addr94_qty86,999.954939
PRIVATE_IP_021,FC3_addr0_qty75,2000.984907
PRIVATE_IP_021,FC3_addr3_qty1,2007.139921
PRIVATE_IP_021,FC3_addr97_qty1,2008.256912
PRIVATE_IP_021,FC3_addr0_qty86,1002.272129
PRIVATE_IP_021,FC3_addr94_qty86,1005.875111
PRIVATE_IP_021,FC3_addr94_qty75,1999.183893
PRIVATE_IP_021,FC3_addr0_qty86,1000.423908
PRIVATE_IP_021,FC3_addr94_qty86,999.523878
PRIVATE_IP_021,FC3_addr0_qty75,2001.745939
PRIVATE_IP_021,FC3_addr3_qty1,2000.675917
PRIVATE_IP_021,FC3_addr97_qty1,2001.732111
PRIVATE_IP_021,FC3_addr0_qty86,1002.482176
PRIVATE_IP_021,FC3_addr94_qty86,1003.648043
PRIVATE_IP_021,FC3_addr94_qty75,2000.960112
PRIVATE_IP_021,FC3_addr0_qty86,998.927832
PRIVATE_IP_021,FC3_addr94_qty86,998.033047
PRIVATE_IP_021,FC3_addr0_qty75,1999.234200
PRIVATE_IP_021,FC3_addr3_qty1,1998.664141
PRIVATE_IP_021,FC3_addr97_qty1,1995.784998
PRIVATE_IP_021,FC3_addr0_qty86,1003.256083
PRIVATE_IP_021,FC3_addr94_qty86,1000.866890
PRIVATE_IP_021,FC3_addr94_qty75,2001.857042
PRIVATE_IP_021,FC3_addr0_qty86,1000.124931
PRIVATE_IP_021,FC3_addr94_qty86,998.204947
PRIVATE_IP_021,FC3_addr0_qty75,2000.917912
PRIVATE_IP_021,FC3_addr3_qty1,2001.372814
PRIVATE_IP_021,FC3_addr97_qty1,2003.762960
PRIVATE_IP_021,FC3_addr0_qty86,1001.736164
PRIVATE_IP_021,FC3_addr94_qty86,1004.758120
PRIVATE_IP_021,FC3_addr94_qty75,1999.765873
PRIVATE_IP_021,FC3_addr0_qty86,999.468803
PRIVATE_IP_021,FC3_addr94_qty86,1000.544071
PRIVATE_IP_021,FC3_addr0_qty75,2001.986980
PRIVATE_IP_021,FC3_addr3_qty1,1999.418020
PRIVATE_IP_021,FC3_addr97_qty1,1999.274969
PRIVATE_IP_021,FC3_addr0_qty86,1002.542973
PRIVATE_IP_021,FC3_addr94_qty86,999.558926
PRIVATE_IP_021,FC3_addr94_qty75,2000.705004
PRIVATE_IP_021,FC3_addr0_qty86,996.172190
PRIVATE_IP_021,FC3_addr94_qty86,996.715069
PRIVATE_IP_021,FC3_addr0_qty75,2000.138998
PRIVATE_IP_021,FC3_addr3_qty1,2004.551172
PRIVATE_IP_021,FC3_addr97_qty1,2002.007961
PRIVATE_IP_021,FC3_addr0_qty86,1001.750946
PRIVATE_IP_021,FC3_addr94_qty86,1001.190901
PRIVATE_IP_021,FC3_addr94_qty75,1999.525070
PRIVATE_IP_021,FC3_addr0_qty86,1002.793074
PRIVATE_IP_021,FC3_addr94_qty86,1004.888058
PRIVATE_IP_021,FC3_addr0_qty75,1999.806881
PRIVATE_IP_021,FC3_addr3_qty1,2008.098841
PRIVATE_IP_021,FC3_addr97_qty1,2007.781982
PRIVATE_IP_021,FC3_addr0_qty86,1001.588821
PRIVATE_IP_021,FC3_addr94_qty86,1002.022982
PRIVATE_IP_021,FC3_addr94_qty75,1998.570919
PRIVATE_IP_021,FC3_addr0_qty86,1001.986980
PRIVATE_IP_021,FC3_addr94_qty86,998.462915
PRIVATE_IP_021,FC3_addr0_qty75,2000.883102
PRIVATE_IP_021,FC3_addr3_qty1,1986.575127
PRIVATE_IP_021,FC3_addr97_qty1,1993.475199
PRIVATE_IP_021,FC3_addr0_qty86,999.330044
PRIVATE_IP_021,FC3_addr94_qty86,1004.745007
PRIVATE_IP_021,FC3_addr94_qty75,2002.056122
PRIVATE_IP_021,FC3_addr0_qty86,1000.650167
PRIVATE_IP_021,FC3_addr94_qty86,997.528076
PRIVATE_IP_021,FC3_addr0_qty75,2002.167940
PRIVATE_IP_021,FC3_addr3_qty1,2004.132032
PRIVATE_IP_021,FC3_addr97_qty1,1997.928858
PRIVATE_IP_021,FC3_addr0_qty86,1000.390768
PRIVATE_IP_021,FC3_addr94_qty86,999.110937
PRIVATE_IP_021,FC3_addr94_qty75,2003.032923
PRIVATE_IP_021,FC3_addr0_qty86,1001.230001
PRIVATE_IP_021,FC3_addr94_qty86,1005.778074
PRIVATE_IP_021,FC3_addr0_qty75,1998.656988
PRIVATE_IP_021,FC3_addr3_qty1,1998.994827
PRIVATE_IP_021,FC3_addr97_qty1,2000.838995
PRIVATE_IP_021,FC3_addr0_qty86,1004.756212
PRIVATE_IP_021,FC3_addr94_qty86,1003.773928
PRIVATE_IP_021,FC3_addr94_qty75,1998.299122
PRIVATE_IP_021,FC3_addr0_qty86,997.651815
PRIVATE_IP_021,FC3_addr94_qty86,997.206926
PRIVATE_IP_021,FC3_addr0_qty75,1999.972105
PRIVATE_IP_021,FC3_addr3_qty1,1998.620033
PRIVATE_IP_021,FC3_addr97_qty1,1998.671055
PRIVATE_IP_021,FC3_addr0_qty86,1000.285149
PRIVATE_IP_021,FC3_addr94_qty86,1000.697136
PRIVATE_IP_021,FC3_addr94_qty75,2000.826836
PRIVATE_IP_021,FC3_addr0_qty86,1000.159979
PRIVATE_IP_021,FC3_addr94_qty86,998.672962
PRIVATE_IP_021,FC3_addr0_qty75,2002.254963
PRIVATE_IP_021,FC3_addr3_qty1,2002.211094
PRIVATE_IP_021,FC3_addr97_qty1,1999.933004
PRIVATE_IP_021,FC3_addr0_qty86,1001.003027
PRIVATE_IP_021,FC3_addr94_qty86,1001.656055
PRIVATE_IP_021,FC3_addr94_qty75,1998.908043
PRIVATE_IP_021,FC3_addr0_qty86,1000.794888
PRIVATE_IP_021,FC3_addr94_qty86,1001.550913
PRIVATE_IP_021,FC3_addr0_qty75,2000.576973
PRIVATE_IP_021,FC3_addr3_qty1,2001.946926
PRIVATE_IP_021,FC3_addr97_qty1,2004.765034
PRIVATE_IP_021,FC3_addr0_qty86,1001.843929
PRIVATE_IP_021,FC3_addr94_qty86,1001.506090
PRIVATE_IP_021,FC3_addr94_qty75,2002.319098
PRIVATE_IP_021,FC3_addr0_qty86,1003.000021
PRIVATE_IP_021,FC3_addr94_qty86,1002.123833
PRIVATE_IP_021,FC3_addr0_qty75,2000.106096
PRIVATE_IP_021,FC3_addr3_qty1,2000.225067
PRIVATE_IP_021,FC3_addr97_qty1,1997.720957
PRIVATE_IP_021,FC3_addr0_qty86,997.527122
PRIVATE_IP_021,FC3_addr94_qty86,994.007111
PRIVATE_IP_021,FC3_addr94_qty75,1999.779940
PRIVATE_IP_021,FC3_addr0_qty86,1001.025915
PRIVATE_IP_021,FC3_addr94_qty86,1003.433943
PRIVATE_IP_021,FC3_addr0_qty75,2002.727032
PRIVATE_IP_021,FC3_addr3_qty1,2001.472950
PRIVATE_IP_021,FC3_addr97_qty1,2000.883102
PRIVATE_IP_021,FC3_addr0_qty86,1000.378132
PRIVATE_IP_021,FC3_addr94_qty86,1001.554966
PRIVATE_IP_021,FC3_addr94_qty75,2001.100063
PRIVATE_IP_021,FC3_addr0_qty86,1001.650810
PRIVATE_IP_021,FC3_addr94_qty86,1000.256062
PRIVATE_IP_021,FC3_addr0_qty75,1999.701023
PRIVATE_IP_021,FC3_addr3_qty1,1997.282028
PRIVATE_IP_021,FC3_addr97_qty1,1997.066975
PRIVATE_IP_021,FC3_addr0_qty86,999.515057
PRIVATE_IP_021,FC3_addr94_qty86,1002.355099
PRIVATE_IP_021,FC3_addr94_qty75,2000.635862
PRIVATE_IP_021,FC3_addr0_qty86,1000.429153
PRIVATE_IP_021,FC3_addr94_qty86,999.159813
PRIVATE_IP_021,FC3_addr0_qty75,2000.308990
PRIVATE_IP_021,FC3_addr3_qty1,2002.125978
PRIVATE_IP_021,FC3_addr97_qty1,2004.423857
PRIVATE_IP_021,FC3_addr0_qty86,1001.796961
PRIVATE_IP_021,FC3_addr94_qty86,1000.285149
PRIVATE_IP_021,FC3_addr94_qty75,2002.201080
PRIVATE_IP_021,FC3_addr0_qty86,999.847889
PRIVATE_IP_021,FC3_addr94_qty86,1003.567934
PRIVATE_IP_021,FC3_addr0_qty75,2000.935793
PRIVATE_IP_021,FC3_addr3_qty1,2004.745007
PRIVATE_IP_021,FC3_addr97_qty1,2010.432005
PRIVATE_IP_021,FC3_addr0_qty86,1002.140999
PRIVATE_IP_021,FC3_addr94_qty86,997.472048
PRIVATE_IP_021,FC3_addr94_qty75,1998.678923
PRIVATE_IP_021,FC3_addr0_qty86,999.919176
PRIVATE_IP_021,FC3_addr94_qty86,1001.410007
PRIVATE_IP_021,FC3_addr0_qty75,2001.284122
PRIVATE_IP_021,FC3_addr3_qty1,2001.923084
PRIVATE_IP_021,FC3_addr97_qty1,1994.836092
PRIVATE_IP_021,FC3_addr0_qty86,1001.223803
PRIVATE_IP_021,FC3_addr94_qty86,1000.598907
PRIVATE_IP_021,FC3_addr94_qty75,2002.090931
PRIVATE_IP_021,FC3_addr0_qty86,1001.718998
PRIVATE_IP_021,FC3_addr94_qty86,1002.720118
PRIVATE_IP_021,FC3_addr0_qty75,1999.605894
PRIVATE_IP_021,FC3_addr3_qty1,1992.941856
PRIVATE_IP_021,FC3_addr97_qty1,1990.761995
PRIVATE_IP_021,FC3_addr0_qty86,999.611139
PRIVATE_IP_021,FC3_addr94_qty86,999.134064
PRIVATE_IP_021,FC3_addr94_qty75,1999.346018
PRIVATE_IP_021,FC3_addr0_qty86,1003.072023
PRIVATE_IP_021,FC3_addr94_qty86,1001.892805
PRIVATE_IP_021,FC3_addr0_qty75,2001.286983
PRIVATE_IP_021,FC3_addr3_qty1,2003.531933
PRIVATE_IP_021,FC3_addr97_qty1,2005.933046
PRIVATE_IP_021,FC3_addr0_qty86,999.601841
PRIVATE_IP_021,FC3_addr94_qty86,998.342991
PRIVATE_IP_021,FC3_addr94_qty75,2000.084162
PRIVATE_IP_021,FC3_addr0_qty86,1001.340151
PRIVATE_IP_021,FC3_addr94_qty86,1001.625061
PRIVATE_IP_021,FC3_addr0_qty75,1998.781204
PRIVATE_IP_021,FC3_addr3_qty1,1996.466160
PRIVATE_IP_021,FC3_addr97_qty1,1997.030020
PRIVATE_IP_021,FC3_addr0_qty86,1001.103878
PRIVATE_IP_021,FC3_addr94_qty86,1006.633997
PRIVATE_IP_021,FC3_addr94_qty75,1999.286890
PRIVATE_IP_021,FC3_addr0_qty86,999.731064
PRIVATE_IP_021,FC3_addr94_qty86,993.463039
PRIVATE_IP_021,FC3_addr0_qty75,2002.259016
PRIVATE_IP_021,FC3_addr3_qty1,2004.526854
PRIVATE_IP_021,FC3_addr97_qty1,2003.365993
PRIVATE_IP_021,FC3_addr0_qty86,1002.479076
PRIVATE_IP_021,FC3_addr94_qty86,1003.792048
PRIVATE_IP_021,FC3_addr94_qty75,2001.881123
PRIVATE_IP_021,FC3_addr0_qty86,999.677896
PRIVATE_IP_021,FC3_addr94_qty86,998.955011
PRIVATE_IP_021,FC3_addr0_qty75,1998.683929
PRIVATE_IP_021,FC3_addr3_qty1,1997.987032
PRIVATE_IP_021,FC3_addr97_qty1,1998.891830
PRIVATE_IP_021,FC3_addr0_qty86,1002.856970
PRIVATE_IP_021,FC3_addr94_qty86,1005.055904
PRIVATE_IP_021,FC3_addr94_qty75,1998.467922
PRIVATE_IP_021,FC3_addr0_qty86,999.856949
PRIVATE_IP_021,FC3_addr94_qty86,998.240948
PRIVATE_IP_021,FC3_addr0_qty75,2001.088858
PRIVATE_IP_021,FC3_addr3_qty1,2004.191160
PRIVATE_IP_021,FC3_addr97_qty1,2005.304098
PRIVATE_IP_021,FC3_addr0_qty86,1001.943111
PRIVATE_IP_021,FC3_addr94_qty86,1001.465082
PRIVATE_IP_021,FC3_addr94_qty75,2000.976086
PRIVATE_IP_021,FC3_addr0_qty86,999.860048
PRIVATE_IP_021,FC3_addr94_qty86,999.104023
PRIVATE_IP_021,FC3_addr0_qty75,2002.753019
PRIVATE_IP_021,FC3_addr3_qty1,2002.532005
PRIVATE_IP_021,FC3_addr97_qty1,2001.132965
PRIVATE_IP_021,FC3_addr0_qty86,1000.546932
PRIVATE_IP_021,FC3_addr94_qty86,1003.766060
PRIVATE_IP_021,FC3_addr94_qty75,2001.706839
PRIVATE_IP_021,FC3_addr0_qty86,1000.744104
PRIVATE_IP_021,FC3_addr94_qty86,1001.073837
PRIVATE_IP_021,FC3_addr0_qty75,1997.168064
PRIVATE_IP_021,FC3_addr3_qty1,1998.529911
PRIVATE_IP_021,FC3_addr97_qty1,2000.530958
PRIVATE_IP_021,FC3_addr0_qty86,1002.278805
PRIVATE_IP_021,FC3_addr94_qty86,1006.747007
PRIVATE_IP_021,FC3_addr94_qty75,2000.259161
PRIVATE_IP_021,FC3_addr0_qty86,1000.104189
PRIVATE_IP_021,FC3_addr94_qty86,992.926121
PRIVATE_IP_021,FC3_addr0_qty75,2000.075102
PRIVATE_IP_021,FC3_addr3_qty1,1997.548103
PRIVATE_IP_021,FC3_addr97_qty1,1997.121096
PRIVATE_IP_021,FC3_addr0_qty86,1002.439022
PRIVATE_IP_021,FC3_addr94_qty86,1001.221895
PRIVATE_IP_021,FC3_addr94_qty75,1999.988794
PRIVATE_IP_021,FC3_addr0_qty86,997.332811
PRIVATE_IP_021,FC3_addr94_qty86,1001.451969
PRIVATE_IP_021,FC3_addr0_qty75,2002.643824
PRIVATE_IP_021,FC3_addr3_qty1,2001.274824
PRIVATE_IP_021,FC3_addr97_qty1,1997.123957
PRIVATE_IP_021,FC3_addr0_qty86,1000.612020
PRIVATE_IP_021,FC3_addr94_qty86,997.520208
PRIVATE_IP_021,FC3_addr94_qty75,2001.719236
PRIVATE_IP_021,FC3_addr0_qty86,1003.262043
PRIVATE_IP_021,FC3_addr94_qty86,1003.936768
PRIVATE_IP_021,FC3_addr0_qty75,1998.762131
PRIVATE_IP_021,FC3_addr3_qty1,2001.585960
PRIVATE_IP_021,FC3_addr97_qty1,2002.043009
PRIVATE_IP_021,FC3_addr0_qty86,999.589920
PRIVATE_IP_021,FC3_addr94_qty86,998.132229
PRIVATE_IP_021,FC3_addr94_qty75,2003.434896
PRIVATE_IP_021,FC3_addr0_qty86,1000.823975
PRIVATE_IP_021,FC3_addr94_qty86,1001.127005
PRIVATE_IP_021,FC3_addr0_qty75,2001.293898
PRIVATE_IP_021,FC3_addr3_qty1,1999.164104
PRIVATE_IP_021,FC3_addr97_qty1,2000.571012
PRIVATE_IP_021,FC3_addr0_qty86,1002.010107
PRIVATE_IP_021,FC3_addr94_qty86,1002.148867
PRIVATE_IP_021,FC3_addr94_qty75,1998.693943
PRIVATE_IP_021,FC3_addr0_qty86,997.735023
PRIVATE_IP_021,FC3_addr94_qty86,1001.588106
PRIVATE_IP_021,FC3_addr0_qty75,1998.728037
PRIVATE_IP_021,FC3_addr3_qty1,1996.685028
PRIVATE_IP_021,FC3_addr97_qty1,1996.023893
PRIVATE_IP_021,FC3_addr0_qty86,1002.500057
PRIVATE_IP_021,FC3_addr94_qty86,998.575926
PRIVATE_IP_021,FC3_addr94_qty75,2001.274109
PRIVATE_IP_021,FC3_addr0_qty86,1000.442982
PRIVATE_IP_021,FC3_addr94_qty86,1003.752947
PRIVATE_IP_021,FC3_addr0_qty75,2001.423120
PRIVATE_IP_021,FC3_addr3_qty1,2002.907038
PRIVATE_IP_021,FC3_addr97_qty1,2003.883123
PRIVATE_IP_021,FC3_addr0_qty86,1001.510859
PRIVATE_IP_021,FC3_addr94_qty86,998.820066
PRIVATE_IP_021,FC3_addr94_qty75,2000.671864
PRIVATE_IP_021,FC3_addr0_qty86,1000.575066
PRIVATE_IP_021,FC3_addr94_qty86,1000.683069
PRIVATE_IP_021,FC3_addr0_qty75,2003.145933
PRIVATE_IP_021,FC3_addr3_qty1,2006.189823
PRIVATE_IP_021,FC3_addr97_qty1,2007.416010
PRIVATE_IP_021,FC3_addr0_qty86,1001.090050
PRIVATE_IP_021,FC3_addr94_qty86,1007.022858
PRIVATE_IP_021,FC3_addr94_qty75,1999.156952
PRIVATE_IP_021,FC3_addr0_qty86,1000.664949
PRIVATE_IP_021,FC3_addr94_qty86,995.268106
PRIVATE_IP_021,FC3_addr0_qty75,1997.147083
PRIVATE_IP_021,FC3_addr3_qty1,1995.410204
PRIVATE_IP_021,FC3_addr97_qty1,1992.903948
PRIVATE_IP_021,FC3_addr0_qty86,1003.916979
PRIVATE_IP_021,FC3_addr94_qty86,1004.622936
PRIVATE_IP_021,FC3_addr94_qty75,2002.020121
PRIVATE_IP_021,FC3_addr0_qty86,996.330976
PRIVATE_IP_021,FC3_addr94_qty86,998.214960
PRIVATE_IP_021,FC3_addr0_qty75,2004.068851
PRIVATE_IP_021,FC3_addr3_qty1,2002.090931
PRIVATE_IP_021,FC3_addr97_qty1,2002.711058
PRIVATE_IP_021,FC3_addr0_qty86,1002.698183
PRIVATE_IP_021,FC3_addr94_qty86,1002.112150
PRIVATE_IP_021,FC3_addr94_qty75,2001.323938
PRIVATE_IP_021,FC3_addr0_qty86,999.660969
PRIVATE_IP_021,FC3_addr94_qty86,997.504950
PRIVATE_IP_021,FC3_addr0_qty75,1998.353004
PRIVATE_IP_021,FC3_addr3_qty1,1998.261929
PRIVATE_IP_021,FC3_addr97_qty1,1999.260902
PRIVATE_IP_021,FC3_addr0_qty86,1001.807928
PRIVATE_IP_021,FC3_addr94_qty86,1002.064943
PRIVATE_IP_021,FC3_addr94_qty75,2002.081156
PRIVATE_IP_021,FC6_addr84,1302.366018
PRIVATE_IP_021,FC3_addr0_qty86,1001.406908
PRIVATE_IP_021,FC3_addr94_qty86,999.994040
PRIVATE_IP_021,FC3_addr0_qty75,2002.090931
PRIVATE_IP_021,FC3_addr3_qty1,2009.150028
PRIVATE_IP_021,FC3_addr97_qty1,2011.691093
PRIVATE_IP_021,FC3_addr0_qty86,1001.090050
PRIVATE_IP_021,FC3_addr94_qty86,1003.201008
PRIVATE_IP_021,FC3_addr94_qty75,2001.435995
PRIVATE_IP_021,FC3_addr0_qty86,999.716043
PRIVATE_IP_021,FC3_addr94_qty86,1001.093864
PRIVATE_IP_021,FC3_addr0_qty75,1999.180079
PRIVATE_IP_021,FC3_addr3_qty1,1992.950916
PRIVATE_IP_021,FC3_addr97_qty1,1991.365910
PRIVATE_IP_021,FC3_addr0_qty86,1000.823021
PRIVATE_IP_021,FC3_addr94_qty86,1001.500130
PRIVATE_IP_021,FC3_addr94_qty75,1997.859955
PRIVATE_IP_021,FC3_addr0_qty86,1000.414848
PRIVATE_IP_021,FC3_addr94_qty86,999.176025
PRIVATE_IP_021,FC3_addr0_qty75,2001.729965
PRIVATE_IP_021,FC3_addr3_qty1,2001.357079
PRIVATE_IP_021,FC3_addr97_qty1,1999.243021
PRIVATE_IP_021,FC3_addr0_qty86,1002.430201
PRIVATE_IP_021,FC3_addr94_qty86,1000.890017
PRIVATE_IP_021,FC3_addr94_qty75,2000.087023
PRIVATE_IP_021,FC3_addr0_qty86,999.477863
PRIVATE_IP_021,FC3_addr94_qty86,997.545958
PRIVATE_IP_021,FC3_addr0_qty75,2002.652168
PRIVATE_IP_021,FC3_addr3_qty1,2003.272057
PRIVATE_IP_021,FC3_addr97_qty1,2005.569935
PRIVATE_IP_021,FC3_addr0_qty86,1001.588106
PRIVATE_IP_021,FC3_addr94_qty86,1005.357027
PRIVATE_IP_021,FC3_addr94_qty75,2000.285864
PRIVATE_IP_021,FC3_addr0_qty86,1000.113010
PRIVATE_IP_021,FC3_addr94_qty86,998.534918
PRIVATE_IP_021,FC3_addr0_qty75,2000.046968
PRIVATE_IP_021,FC3_addr3_qty1,2001.802921
PRIVATE_IP_021,FC3_addr97_qty1,2002.518177
PRIVATE_IP_021,FC3_addr0_qty86,1001.828909
PRIVATE_IP_021,FC3_addr94_qty86,1001.585007
PRIVATE_IP_021,FC3_addr94_qty75,2002.376080
PRIVATE_IP_021,FC3_addr0_qty86,1002.828121
PRIVATE_IP_021,FC3_addr94_qty86,1000.952959
PRIVATE_IP_021,FC3_addr0_qty75,2001.727819
PRIVATE_IP_021,FC3_addr3_qty1,1998.377085
PRIVATE_IP_021,FC3_addr97_qty1,1995.064974
PRIVATE_IP_021,FC3_addr0_qty86,998.178005
PRIVATE_IP_021,FC3_addr94_qty86,999.061108
PRIVATE_IP_021,FC3_addr94_qty75,1997.437954
PRIVATE_IP_021,FC3_addr0_qty86,1001.266003
PRIVATE_IP_021,FC3_addr94_qty86,1008.292913
PRIVATE_IP_021,FC3_addr0_qty75,1997.698069
PRIVATE_IP_021,FC3_addr3_qty1,1997.417927
PRIVATE_IP_021,FC3_addr97_qty1,2000.227928
PRIVATE_IP_021,FC3_addr0_qty86,1000.429869
PRIVATE_IP_021,FC3_addr94_qty86,993.430138
PRIVATE_IP_021,FC3_addr94_qty75,1999.733925
PRIVATE_IP_021,FC3_addr0_qty86,1001.662016
PRIVATE_IP_021,FC3_addr94_qty86,1004.628897
PRIVATE_IP_021,FC3_addr0_qty75,2000.397921
PRIVATE_IP_021,FC3_addr3_qty1,2001.410007
PRIVATE_IP_021,FC3_addr97_qty1,1999.147892
PRIVATE_IP_021,FC3_addr0_qty86,1002.157927
PRIVATE_IP_021,FC3_addr94_qty86,1000.566006
PRIVATE_IP_021,FC3_addr94_qty75,2000.160217
PRIVATE_IP_021,FC3_addr0_qty86,997.306108
PRIVATE_IP_021,FC3_addr94_qty86,996.454954
PRIVATE_IP_021,FC3_addr0_qty75,2002.667189
PRIVATE_IP_021,FC3_addr3_qty1,2002.989054
PRIVATE_IP_021,FC3_addr97_qty1,2003.393173
PRIVATE_IP_021,FC3_addr0_qty86,1001.906872
PRIVATE_IP_021,FC3_addr94_qty86,1004.693985
PRIVATE_IP_021,FC3_addr94_qty75,2008.129835
PRIVATE_IP_021,FC3_addr0_qty86,999.721050
PRIVATE_IP_021,FC3_addr94_qty86,997.596979
PRIVATE_IP_021,FC3_addr0_qty75,1998.837948
PRIVATE_IP_021,FC3_addr3_qty1,1998.018026
PRIVATE_IP_021,FC3_addr97_qty1,1999.529839
PRIVATE_IP_021,FC3_addr0_qty86,1000.453949
PRIVATE_IP_021,FC3_addr94_qty86,1000.483036
PRIVATE_IP_021,FC3_addr94_qty75,1993.910074
PRIVATE_IP_021,FC3_addr0_qty86,1001.135111
PRIVATE_IP_021,FC3_addr94_qty86,1001.138926
PRIVATE_IP_021,FC3_addr0_qty75,2002.007008
PRIVATE_IP_021,FC3_addr3_qty1,2002.485991
PRIVATE_IP_021,FC3_addr97_qty1,2000.413179
PRIVATE_IP_021,FC3_addr0_qty86,1000.794888
PRIVATE_IP_021,FC3_addr94_qty86,999.535084
PRIVATE_IP_021,FC3_addr94_qty75,2000.206947
PRIVATE_IP_021,FC3_addr0_qty86,999.615192
PRIVATE_IP_021,FC3_addr94_qty86,1002.629042
PRIVATE_IP_021,FC3_addr0_qty75,2001.026869
PRIVATE_IP_021,FC3_addr3_qty1,1999.855995
PRIVATE_IP_021,FC3_addr97_qty1,2001.396894
PRIVATE_IP_021,FC3_addr0_qty86,1000.324965
PRIVATE_IP_021,FC3_addr94_qty86,998.349905
PRIVATE_IP_021,FC3_addr94_qty75,2000.322104
PRIVATE_IP_021,FC3_addr0_qty86,1000.364065
PRIVATE_IP_021,FC3_addr94_qty86,1002.078056
PRIVATE_IP_021,FC3_addr0_qty75,2004.146099
PRIVATE_IP_021,FC3_addr3_qty1,2006.469965
PRIVATE_IP_021,FC3_addr97_qty1,2004.599094
PRIVATE_IP_021,FC3_addr0_qty86,1002.985954
PRIVATE_IP_021,FC3_addr94_qty86,1001.285076
PRIVATE_IP_021,FC3_addr94_qty75,2000.066996
PRIVATE_IP_021,FC3_addr0_qty86,999.330997
PRIVATE_IP_021,FC3_addr94_qty86,999.136925
PRIVATE_IP_021,FC3_addr0_qty75,1996.114016
PRIVATE_IP_021,FC3_addr3_qty1,1994.507074
PRIVATE_IP_021,FC3_addr97_qty1,2002.023935
PRIVATE_IP_021,FC3_addr0_qty86,1002.753019
PRIVATE_IP_021,FC3_addr94_qty86,1003.231049
PRIVATE_IP_021,FC3_addr94_qty75,2000.407934
PRIVATE_IP_021,FC3_addr0_qty86,1000.978947
PRIVATE_IP_021,FC3_addr94_qty86,999.562025
PRIVATE_IP_021,FC3_addr0_qty75,2000.264883
PRIVATE_IP_021,FC3_addr3_qty1,2003.533840
PRIVATE_IP_021,FC3_addr97_qty1,1996.440887
PRIVATE_IP_021,FC3_addr0_qty86,999.036074
PRIVATE_IP_021,FC3_addr94_qty86,998.692989
PRIVATE_IP_021,FC3_addr94_qty75,2001.725912
PRIVATE_IP_021,FC3_addr0_qty86,1001.291990
PRIVATE_IP_021,FC3_addr94_qty86,1004.461050
PRIVATE_IP_021,FC3_addr0_qty75,2002.985001
PRIVATE_IP_021,FC3_addr3_qty1,2001.471043
PRIVATE_IP_021,FC3_addr97_qty1,2002.163172
PRIVATE_IP_021,FC3_addr0_qty86,999.842882
PRIVATE_IP_021,FC3_addr94_qty86,996.544838
PRIVATE_IP_021,FC3_addr94_qty75,1999.088049
PRIVATE_IP_021,FC3_addr0_qty86,1000.468016
PRIVATE_IP_021,FC3_addr94_qty86,1003.662109
PRIVATE_IP_021,FC3_addr0_qty75,1997.750998
PRIVATE_IP_021,FC3_addr3_qty1,1995.142937
PRIVATE_IP_021,FC3_addr97_qty1,1994.178057
PRIVATE_IP_021,FC3_addr0_qty86,1000.087976
PRIVATE_IP_021,FC3_addr94_qty86,998.035908
PRIVATE_IP_021,FC3_addr94_qty75,1999.572039
PRIVATE_IP_021,FC3_addr0_qty86,1000.185013
PRIVATE_IP_021,FC3_addr94_qty86,1001.851082
PRIVATE_IP_021,FC3_addr0_qty75,2001.089096
PRIVATE_IP_021,FC3_addr3_qty1,2002.228022
PRIVATE_IP_021,FC3_addr97_qty1,2002.537966
PRIVATE_IP_021,FC3_addr0_qty86,1002.263069
PRIVATE_IP_021,FC3_addr94_qty86,1000.592947
PRIVATE_IP_021,FC3_addr94_qty75,2001.050949
PRIVATE_IP_021,FC3_addr0_qty86,1000.992060
PRIVATE_IP_021,FC3_addr94_qty86,1003.336906
PRIVATE_IP_021,FC3_addr0_qty75,1998.706102
PRIVATE_IP_021,FC3_addr3_qty1,1997.097015
PRIVATE_IP_021,FC3_addr97_qty1,1996.356964
PRIVATE_IP_021,FC3_addr0_qty86,1002.696991
PRIVATE_IP_021,FC3_addr94_qty86,1000.938177
PRIVATE_IP_021,FC3_addr94_qty75,2000.574112
PRIVATE_IP_021,FC3_addr0_qty86,1000.293970
PRIVATE_IP_021,FC3_addr94_qty86,1006.110907
PRIVATE_IP_021,FC3_addr0_qty75,2000.576019
PRIVATE_IP_021,FC3_addr3_qty1,2003.021955
PRIVATE_IP_021,FC3_addr97_qty1,2004.438877
PRIVATE_IP_021,FC3_addr0_qty86,998.358965
PRIVATE_IP_021,FC3_addr94_qty86,991.770983
PRIVATE_IP_021,FC3_addr94_qty75,2001.401901
PRIVATE_IP_021,FC3_addr0_qty86,1000.874043
PRIVATE_IP_021,FC3_addr94_qty86,1002.208948
PRIVATE_IP_021,FC3_addr0_qty75,2000.485897
PRIVATE_IP_021,FC3_addr3_qty1,2004.097223
PRIVATE_IP_021,FC3_addr97_qty1,2003.494978
PRIVATE_IP_021,FC3_addr0_qty86,1004.038811
PRIVATE_IP_021,FC3_addr94_qty86,1006.786108
PRIVATE_IP_021,FC3_addr94_qty75,1998.734951
PRIVATE_IP_021,FC3_addr0_qty86,999.644995
PRIVATE_IP_021,FC3_addr94_qty86,996.298075
PRIVATE_IP_021,FC3_addr0_qty75,2002.608061
PRIVATE_IP_021,FC3_addr3_qty1,2000.675917
PRIVATE_IP_021,FC3_addr97_qty1,2000.801086
PRIVATE_IP_021,FC3_addr0_qty86,1000.558138
PRIVATE_IP_021,FC3_addr94_qty86,1000.512838
PRIVATE_IP_021,FC3_addr94_qty75,2003.606081
PRIVATE_IP_021,FC3_addr0_qty86,1000.102997
PRIVATE_IP_021,FC3_addr94_qty86,1000.682116
PRIVATE_IP_021,FC3_addr0_qty75,1998.078823
PRIVATE_IP_021,FC3_addr3_qty1,1999.537945
PRIVATE_IP_021,FC3_addr97_qty1,1999.823093
PRIVATE_IP_021,FC3_addr0_qty86,1000.663042
PRIVATE_IP_021,FC3_addr94_qty86,999.672890
PRIVATE_IP_021,FC3_addr94_qty75,1997.828007
PRIVATE_IP_021,FC3_addr0_qty86,1001.746893
PRIVATE_IP_021,FC3_addr94_qty86,1001.265049
PRIVATE_IP_021,FC3_addr0_qty75,2003.566027
PRIVATE_IP_021,FC3_addr3_qty1,2000.116110
PRIVATE_IP_021,FC3_addr97_qty1,1998.921871
PRIVATE_IP_021,FC3_addr0_qty86,999.567986
PRIVATE_IP_021,FC3_addr94_qty86,1001.868963
PRIVATE_IP_021,FC3_addr94_qty75,1998.100042
PRIVATE_IP_021,FC3_addr0_qty86,1000.914097
PRIVATE_IP_021,FC3_addr94_qty86,999.974966
PRIVATE_IP_021,FC3_addr0_qty75,1997.702122
PRIVATE_IP_021,FC3_addr3_qty1,2000.403881
PRIVATE_IP_021,FC3_addr97_qty1,2000.897169
PRIVATE_IP_021,FC3_addr0_qty86,1004.268885
PRIVATE_IP_021,FC3_addr94_qty86,1006.797075
PRIVATE_IP_021,FC3_addr94_qty75,2001.370907
PRIVATE_IP_021,FC3_addr0_qty86,997.678041
PRIVATE_IP_021,FC3_addr94_qty86,994.750977
PRIVATE_IP_021,FC3_addr0_qty75,2000.750065
PRIVATE_IP_021,FC3_addr3_qty1,2000.184059
PRIVATE_IP_021,FC3_addr97_qty1,2003.066778
PRIVATE_IP_021,FC3_addr0_qty86,1002.341032
PRIVATE_IP_021,FC3_addr94_qty86,1002.382994
PRIVATE_IP_021,FC3_addr94_qty75,1998.875141
PRIVATE_IP_021,FC3_addr0_qty86,999.607086
PRIVATE_IP_021,FC3_addr94_qty86,1000.797987
PRIVATE_IP_021,FC3_addr0_qty75,2000.449896
PRIVATE_IP_021,FC3_addr3_qty1,1997.308969
PRIVATE_IP_021,FC3_addr97_qty1,1995.404005
PRIVATE_IP_021,FC3_addr0_qty86,1002.389908
PRIVATE_IP_021,FC3_addr94_qty86,999.114990
PRIVATE_IP_021,FC3_addr94_qty75,2001.887798
PRIVATE_IP_021,FC3_addr0_qty86,1002.110004
PRIVATE_IP_021,FC3_addr94_qty86,1003.756046
PRIVATE_IP_021,FC3_addr0_qty75,2001.770973
PRIVATE_IP_021,FC3_addr3_qty1,2001.636028
PRIVATE_IP_021,FC3_addr97_qty1,2000.835180
PRIVATE_IP_021,FC3_addr0_qty86,999.885082
PRIVATE_IP_021,FC3_addr94_qty86,1000.772953
PRIVATE_IP_021,FC3_addr94_qty75,2000.218153
PRIVATE_IP_021,FC3_addr0_qty86,998.309851
PRIVATE_IP_021,FC3_addr94_qty86,996.499062
PRIVATE_IP_021,FC3_addr0_qty75,2000.808001
PRIVATE_IP_021,FC3_addr3_qty1,1999.789953
PRIVATE_IP_021,FC3_addr97_qty1,1999.457836
PRIVATE_IP_021,FC3_addr0_qty86,1002.168179
PRIVATE_IP_021,FC3_addr94_qty86,1005.073071
PRIVATE_IP_021,FC3_addr94_qty75,2000.797033
PRIVATE_IP_021,FC3_addr0_qty86,1002.967834
PRIVATE_IP_021,FC3_addr94_qty86,1000.512838
PRIVATE_IP_021,FC3_addr0_qty75,2000.179052
PRIVATE_IP_021,FC3_addr3_qty1,2001.538038
PRIVATE_IP_021,FC3_addr97_qty1,2004.240990
PRIVATE_IP_021,FC3_addr0_qty86,997.328997
PRIVATE_IP_021,FC3_addr94_qty86,999.564171
PRIVATE_IP_021,FC3_addr94_qty75,2006.461859
PRIVATE_IP_021,FC3_addr0_qty86,1000.977039
PRIVATE_IP_021,FC3_addr94_qty86,1003.149033
PRIVATE_IP_021,FC3_addr0_qty75,2000.405073
PRIVATE_IP_021,FC3_addr3_qty1,2000.670910
PRIVATE_IP_021,FC3_addr97_qty1,2000.488043
PRIVATE_IP_021,FC3_addr0_qty86,1002.696991
PRIVATE_IP_021,FC3_addr94_qty86,997.456789
PRIVATE_IP_021,FC3_addr94_qty75,1995.577097
PRIVATE_IP_021,FC3_addr0_qty86,1001.971006
PRIVATE_IP_021,FC3_addr94_qty86,1004.359007
PRIVATE_IP_021,FC3_addr0_qty75,2002.050877
PRIVATE_IP_021,FC3_addr3_qty1,2001.676083
PRIVATE_IP_021,FC3_addr97_qty1,2002.417088
PRIVATE_IP_021,FC3_addr0_qty86,999.738932
PRIVATE_IP_021,FC3_addr94_qty86,998.547077
PRIVATE_IP_021,FC3_addr94_qty75,2000.331879
PRIVATE_IP_021,FC3_addr0_qty86,1000.297070
PRIVATE_IP_021,FC3_addr94_qty86,1002.856970
PRIVATE_IP_021,FC3_addr0_qty75,1999.252081
PRIVATE_IP_021,FC3_addr3_qty1,2000.235081
PRIVATE_IP_021,FC3_addr97_qty1,1997.123003
PRIVATE_IP_021,FC3_addr0_qty86,1002.604008
PRIVATE_IP_021,FC3_addr94_qty86,1001.804113
PRIVATE_IP_021,FC3_addr94_qty75,2003.596067
PRIVATE_IP_021,FC3_addr0_qty86,998.677015
PRIVATE_IP_021,FC3_addr94_qty86,996.114016
PRIVATE_IP_021,FC3_addr0_qty75,2001.003027
PRIVATE_IP_021,FC3_addr3_qty1,1999.828815
PRIVATE_IP_021,FC3_addr97_qty1,2000.977039
PRIVATE_IP_021,FC3_addr0_qty86,1002.152920
PRIVATE_IP_021,FC3_addr94_qty86,1004.626036
PRIVATE_IP_021,FC3_addr94_qty75,2000.046968
PRIVATE_IP_021,FC3_addr0_qty86,997.765064
PRIVATE_IP_021,FC3_addr94_qty86,996.938944
PRIVATE_IP_021,FC3_addr0_qty75,2000.293016
PRIVATE_IP_021,FC3_addr3_qty1,2002.820015
PRIVATE_IP_021,FC3_addr97_qty1,2001.292944
PRIVATE_IP_021,FC3_addr0_qty86,1007.055044
PRIVATE_IP_021,FC3_addr94_qty86,1007.092953
PRIVATE_IP_021,FC3_addr94_qty75,2002.784967
PRIVATE_IP_021,FC3_addr0_qty86,995.673895
PRIVATE_IP_021,FC3_addr94_qty86,995.390892
PRIVATE_IP_021,FC3_addr0_qty75,1998.950005
PRIVATE_IP_021,FC3_addr3_qty1,1996.123075
PRIVATE_IP_021,FC3_addr97_qty1,1997.947931
PRIVATE_IP_021,FC3_addr0_qty86,1002.067089
PRIVATE_IP_021,FC3_addr94_qty86,1001.868010
PRIVATE_IP_021,FC3_addr94_qty75,1999.757051
PRIVATE_IP_021,FC3_addr0_qty86,998.571873
PRIVATE_IP_021,FC3_addr94_qty86,999.189138
PRIVATE_IP_021,FC3_addr0_qty75,2001.217842
PRIVATE_IP_021,FC3_addr3_qty1,2003.030062
PRIVATE_IP_021,FC3_addr97_qty1,2000.548124
PRIVATE_IP_021,FC3_addr0_qty86,1002.325058
PRIVATE_IP_021,FC3_addr94_qty86,1001.695871
PRIVATE_IP_021,FC3_addr94_qty75,2001.454115
PRIVATE_IP_021,FC3_addr0_qty86,999.807119
PRIVATE_IP_021,FC3_addr94_qty86,999.452114
PRIVATE_IP_021,FC3_addr0_qty75,2001.188040
PRIVATE_IP_021,FC3_addr3_qty1,2006.814003
PRIVATE_IP_021,FC3_addr97_qty1,2009.083033
PRIVATE_IP_021,FC3_addr0_qty86,1000.720024
PRIVATE_IP_021,FC3_addr94_qty86,1001.143932
PRIVATE_IP_021,FC3_addr94_qty75,2000.883818
PRIVATE_IP_021,FC3_addr0_qty86,1004.017830
PRIVATE_IP_021,FC3_addr94_qty86,1004.002094
PRIVATE_IP_021,FC3_addr0_qty75,2001.133919
PRIVATE_IP_021,FC3_addr3_qty1,1995.833874
PRIVATE_IP_021,FC3_addr97_qty1,1995.777845
PRIVATE_IP_021,FC3_addr0_qty86,997.928143
PRIVATE_IP_021,FC3_addr94_qty86,998.936892
PRIVATE_IP_021,FC3_addr94_qty75,2001.152039
PRIVATE_IP_021,FC3_addr0_qty86,1000.602007
PRIVATE_IP_021,FC3_addr94_qty86,999.698162
PRIVATE_IP_021,FC3_addr0_qty75,1999.603987
PRIVATE_IP_021,FC3_addr3_qty1,2000.203133
PRIVATE_IP_021,FC3_addr97_qty1,1999.081135
PRIVATE_IP_021,FC3_addr0_qty86,1001.024008
PRIVATE_IP_021,FC3_addr94_qty86,1000.423908
PRIVATE_IP_021,FC3_addr94_qty75,2003.607035
PRIVATE_IP_021,FC3_addr0_qty86,999.933958
PRIVATE_IP_021,FC3_addr94_qty86,1000.189066
PRIVATE_IP_021,FC3_addr0_qty75,2002.884150
PRIVATE_IP_021,FC3_addr3_qty1,2002.244949
PRIVATE_IP_021,FC3_addr97_qty1,2005.262852
PRIVATE_IP_021,FC3_addr0_qty86,1000.527859
PRIVATE_IP_021,FC3_addr94_qty86,997.884989
PRIVATE_IP_021,FC3_addr94_qty75,1999.359131
PRIVATE_IP_021,FC3_addr0_qty86,1002.861023
PRIVATE_IP_021,FC3_addr94_qty86,1005.831003
PRIVATE_IP_021,FC3_addr0_qty75,1998.795033
PRIVATE_IP_021,FC3_addr3_qty1,1997.201920
PRIVATE_IP_021,FC3_addr97_qty1,1995.861053
PRIVATE_IP_021,FC3_addr0_qty86,999.162197
PRIVATE_IP_021,FC3_addr94_qty86,997.581959
PRIVATE_IP_021,FC3_addr94_qty75,2000.465870
PRIVATE_IP_021,FC3_addr0_qty86,999.732971
PRIVATE_IP_021,FC3_addr94_qty86,1001.271009
PRIVATE_IP_021,FC3_addr0_qty75,1999.120951
PRIVATE_IP_021,FC3_addr3_qty1,2001.454115
PRIVATE_IP_021,FC3_addr97_qty1,2002.700090
PRIVATE_IP_021,FC3_addr0_qty86,1003.333807
PRIVATE_IP_021,FC3_addr94_qty86,1003.645897
PRIVATE_IP_021,FC3_addr94_qty75,2001.219988
PRIVATE_IP_021,FC3_addr0_qty86,996.613026
PRIVATE_IP_021,FC3_addr94_qty86,996.988058
PRIVATE_IP_021,FC3_addr0_qty75,2000.906944
PRIVATE_IP_021,FC3_addr3_qty1,2000.586987
PRIVATE_IP_021,FC3_addr97_qty1,1998.552799
PRIVATE_IP_021,FC3_addr0_qty86,1002.930164
PRIVATE_IP_021,FC3_addr94_qty86,1003.669977
PRIVATE_IP_021,FC3_addr94_qty75,2000.653982
PRIVATE_IP_021,FC3_addr0_qty86,1001.411915
PRIVATE_IP_021,FC3_addr94_qty86,1001.219988
PRIVATE_IP_021,FC3_addr0_qty75,1999.579906
PRIVATE_IP_021,FC3_addr3_qty1,1999.055862
PRIVATE_IP_021,FC3_addr97_qty1,1998.834133
PRIVATE_IP_021,FC3_addr0_qty86,1000.788927
PRIVATE_IP_021,FC3_addr94_qty86,999.144077
PRIVATE_IP_021,FC3_addr94_qty75,2002.395153
PRIVATE_IP_021,FC3_addr0_qty86,1001.269102
PRIVATE_IP_021,FC3_addr94_qty86,1001.709938
PRIVATE_IP_021,FC3_addr0_qty75,2000.676155
PRIVATE_IP_021,FC3_addr3_qty1,1999.037027
PRIVATE_IP_021,FC3_addr97_qty1,1998.586893
PRIVATE_IP_021,FC3_addr0_qty86,998.998880
PRIVATE_IP_021,FC3_addr94_qty86,1001.151085
PRIVATE_IP_021,FC3_addr94_qty75,1998.313904
PRIVATE_IP_021,FC3_addr0_qty86,1000.739098
PRIVATE_IP_021,FC3_addr94_qty86,998.333931
PRIVATE_IP_021,FC3_addr0_qty75,2001.209021
PRIVATE_IP_021,FC3_addr3_qty1,2001.734018
PRIVATE_IP_021,FC3_addr97_qty1,2001.381159
PRIVATE_IP_021,FC3_addr0_qty86,1001.507998
PRIVATE_IP_021,FC3_addr94_qty86,1008.141041
PRIVATE_IP_021,FC3_addr94_qty75,2001.492023
PRIVATE_IP_021,FC3_addr0_qty86,999.183893
PRIVATE_IP_021,FC3_addr94_qty86,996.281862
PRIVATE_IP_021,FC3_addr0_qty75,2000.745058
PRIVATE_IP_021,FC3_addr3_qty1,2004.294157
PRIVATE_IP_021,FC3_addr97_qty1,2007.987022
PRIVATE_IP_021,FC3_addr0_qty86,1002.525091
PRIVATE_IP_021,FC3_addr94_qty86,1000.055075
PRIVATE_IP_021,FC3_addr94_qty75,1999.552965
PRIVATE_IP_021,FC3_addr0_qty86,999.372959
PRIVATE_IP_021,FC3_addr94_qty86,998.455048
PRIVATE_IP_021,FC3_addr0_qty75,2001.370907
PRIVATE_IP_021,FC3_addr3_qty1,1997.265816
PRIVATE_IP_021,FC3_addr97_qty1,1992.345810
PRIVATE_IP_021,FC3_addr0_qty86,1002.943993
PRIVATE_IP_021,FC3_addr94_qty86,1005.085945
PRIVATE_IP_021,FC3_addr94_qty75,2000.731945
PRIVATE_IP_021,FC3_addr0_qty86,999.583006
PRIVATE_IP_021,FC3_addr94_qty86,996.228933
PRIVATE_IP_021,FC3_addr0_qty75,2002.058983
PRIVATE_IP_021,FC3_addr3_qty1,2005.243063
PRIVATE_IP_021,FC3_addr97_qty1,2006.978035
PRIVATE_IP_021,FC3_addr0_qty86,1000.271082
PRIVATE_IP_021,FC3_addr94_qty86,1000.059128
PRIVATE_IP_021,FC3_addr94_qty75,1998.988152
PRIVATE_IP_021,FC3_addr0_qty86,1001.782894
PRIVATE_IP_021,FC3_addr94_qty86,1004.558086
PRIVATE_IP_021,FC3_addr0_qty75,1999.516010
PRIVATE_IP_021,FC3_addr3_qty1,1996.581078
PRIVATE_IP_021,FC3_addr97_qty1,1995.887041
PRIVATE_IP_021,FC3_addr0_qty86,1001.346111
PRIVATE_IP_021,FC3_addr94_qty86,1005.067825
PRIVATE_IP_021,FC3_addr94_qty75,2001.807928
PRIVATE_IP_021,FC3_addr0_qty86,998.985052
PRIVATE_IP_021,FC3_addr94_qty86,996.324062
PRIVATE_IP_021,FC3_addr0_qty75,2000.550985
PRIVATE_IP_021,FC3_addr3_qty1,2003.830910
PRIVATE_IP_021,FC3_addr97_qty1,2004.554033
PRIVATE_IP_021,FC3_addr0_qty86,999.747992
PRIVATE_IP_021,FC3_addr94_qty86,995.627880
PRIVATE_IP_021,FC3_addr94_qty75,2002.455950
PRIVATE_IP_021,FC3_addr0_qty86,1001.575947
PRIVATE_IP_021,FC3_addr94_qty86,1004.327059
PRIVATE_IP_021,FC3_addr0_qty75,2000.526905
PRIVATE_IP_021,FC3_addr3_qty1,1998.919964
PRIVATE_IP_021,FC3_addr97_qty1,1997.623920
PRIVATE_IP_021,FC3_addr0_qty86,999.984980
PRIVATE_IP_021,FC3_addr94_qty86,998.553991
PRIVATE_IP_021,FC3_addr94_qty75,1997.198105
PRIVATE_IP_021,FC3_addr0_qty86,1001.612902
PRIVATE_IP_021,FC3_addr94_qty86,1000.854015
PRIVATE_IP_021,FC3_addr0_qty75,2001.303196
PRIVATE_IP_021,FC3_addr3_qty1,2004.057169
PRIVATE_IP_021,FC3_addr97_qty1,2005.098104
PRIVATE_IP_021,FC3_addr0_qty86,1005.065203
PRIVATE_IP_021,FC3_addr94_qty86,1007.236958
PRIVATE_IP_021,FC3_addr94_qty75,2001.502991
PRIVATE_IP_021,FC3_addr0_qty86,998.337984
PRIVATE_IP_021,FC3_addr94_qty86,997.390032
PRIVATE_IP_021,FC3_addr0_qty75,2002.441883
PRIVATE_IP_021,FC3_addr3_qty1,1999.716997
PRIVATE_IP_021,FC3_addr97_qty1,1998.453856
PRIVATE_IP_021,FC3_addr0_qty86,1000.934839
PRIVATE_IP_021,FC3_addr94_qty86,998.448133
PRIVATE_IP_021,FC3_addr94_qty75,2002.610922
PRIVATE_IP_021,FC3_addr0_qty86,1001.347065
PRIVATE_IP_021,FC3_addr94_qty86,1002.579927
PRIVATE_IP_021,FC3_addr0_qty75,1997.426987
PRIVATE_IP_021,FC3_addr3_qty1,1996.176004
PRIVATE_IP_021,FC3_addr97_qty1,1998.035192
PRIVATE_IP_021,FC3_addr0_qty86,1000.287056
PRIVATE_IP_021,FC3_addr94_qty86,1001.544952
PRIVATE_IP_021,FC3_addr94_qty75,2001.038074
PRIVATE_IP_021,FC3_addr0_qty86,1003.352880
PRIVATE_IP_021,FC3_addr94_qty86,1003.795147
PRIVATE_IP_021,FC3_addr0_qty75,2003.623962
PRIVATE_IP_021,FC3_addr3_qty1,2002.976894
PRIVATE_IP_021,FC3_addr97_qty1,2001.551867
PRIVATE_IP_021,FC3_addr0_qty86,998.365164
PRIVATE_IP_021,FC3_addr94_qty86,997.853994
PRIVATE_IP_021,FC3_addr94_qty75,2001.848936
PRIVATE_IP_021,FC3_addr0_qty86,1002.412796
PRIVATE_IP_021,FC3_addr94_qty86,1001.986980
PRIVATE_IP_021,FC3_addr0_qty75,2000.606060
PRIVATE_IP_021,FC3_addr3_qty1,2003.081083
PRIVATE_IP_021,FC3_addr97_qty1,2004.451036
PRIVATE_IP_021,FC3_addr0_qty86,999.507189
PRIVATE_IP_021,FC3_addr94_qty86,1000.213861
PRIVATE_IP_021,FC3_addr94_qty75,1999.439955
PRIVATE_IP_021,FC3_addr0_qty86,1000.770807
PRIVATE_IP_021,FC3_addr94_qty86,1001.917124
PRIVATE_IP_021,FC3_addr0_qty75,1997.966051
PRIVATE_IP_021,FC3_addr3_qty1,1995.051861
PRIVATE_IP_021,FC3_addr97_qty1,1995.925903
PRIVATE_IP_021,FC3_addr0_qty86,999.698162
PRIVATE_IP_021,FC3_addr94_qty86,999.089003
PRIVATE_IP_021,FC3_addr94_qty75,1999.623060
PRIVATE_IP_021,FC3_addr0_qty86,1000.998974
PRIVATE_IP_021,FC3_addr94_qty86,999.151945
PRIVATE_IP_021,FC3_addr0_qty75,2001.023054
PRIVATE_IP_021,FC3_addr3_qty1,2001.716137
PRIVATE_IP_021,FC3_addr97_qty1,2001.968145
PRIVATE_IP_021,FC3_addr0_qty86,1002.881050
PRIVATE_IP_021,FC3_addr94_qty86,1003.330946
PRIVATE_IP_021,FC3_addr94_qty75,2001.143932
PRIVATE_IP_021,FC3_addr0_qty86,1001.636982
PRIVATE_IP_021,FC3_addr94_qty86,1005.282164
PRIVATE_IP_021,FC3_addr0_qty75,2001.455784
PRIVATE_IP_021,FC3_addr3_qty1,2001.880884
PRIVATE_IP_021,FC3_addr97_qty1,1998.905897
PRIVATE_IP_021,FC3_addr0_qty86,998.035908
PRIVATE_IP_021,FC3_addr94_qty86,997.484922
PRIVATE_IP_021,FC3_addr94_qty75,2000.997066
PRIVATE_IP_021,FC3_addr0_qty86,1000.895977
PRIVATE_IP_021,FC3_addr94_qty86,997.642994
PRIVATE_IP_021,FC3_addr0_qty75,2000.684023
PRIVATE_IP_021,FC3_addr3_qty1,1999.388933
PRIVATE_IP_021,FC3_addr97_qty1,2000.775099
PRIVATE_IP_021,FC3_addr0_qty86,1001.914978
PRIVATE_IP_021,FC3_addr94_qty86,1005.842924
PRIVATE_IP_021,FC3_addr94_qty75,2001.184940
PRIVATE_IP_021,FC3_addr0_qty86,998.928070
PRIVATE_IP_021,FC3_addr94_qty86,994.768143
PRIVATE_IP_021,FC3_addr0_qty75,2000.148058
PRIVATE_IP_021,FC3_addr3_qty1,2005.308151
PRIVATE_IP_021,FC3_addr97_qty1,2006.375074
PRIVATE_IP_021,FC3_addr0_qty86,1001.029968
PRIVATE_IP_021,FC3_addr94_qty86,999.401808
PRIVATE_IP_021,FC3_addr94_qty75,2002.449989
PRIVATE_IP_021,FC3_addr0_qty86,999.563932
PRIVATE_IP_021,FC3_addr94_qty86,1000.838041
PRIVATE_IP_021,FC3_addr0_qty75,2008.805037
PRIVATE_IP_021,FC3_addr3_qty1,2003.129005
PRIVATE_IP_021,FC3_addr97_qty1,2000.360966
PRIVATE_IP_021,FC3_addr0_qty86,1001.583099
PRIVATE_IP_021,FC3_addr94_qty86,1008.358002
PRIVATE_IP_021,FC3_addr94_qty75,1997.193098
PRIVATE_IP_021,FC3_addr0_qty86,998.783112
PRIVATE_IP_021,FC3_addr94_qty86,994.879007
PRIVATE_IP_021,FC3_addr0_qty75,1993.104935
PRIVATE_IP_021,FC3_addr3_qty1,1993.449926
PRIVATE_IP_021,FC3_addr97_qty1,1994.415045
PRIVATE_IP_021,FC3_addr0_qty86,1000.144005
PRIVATE_IP_021,FC3_addr94_qty86,995.260000
PRIVATE_IP_021,FC3_addr94_qty75,2001.810074
PRIVATE_IP_021,FC3_addr0_qty86,1000.517845
PRIVATE_IP_021,FC3_addr94_qty86,1005.782127
PRIVATE_IP_021,FC3_addr0_qty75,2000.708103
PRIVATE_IP_021,FC3_addr3_qty1,2007.398129
PRIVATE_IP_021,FC3_addr97_qty1,2009.144783
PRIVATE_IP_021,FC3_addr0_qty86,1001.395941
PRIVATE_IP_021,FC3_addr94_qty86,997.378826
PRIVATE_IP_021,FC3_addr94_qty75,2002.106905
PRIVATE_IP_021,FC3_addr0_qty86,1000.250101
PRIVATE_IP_021,FC3_addr94_qty86,1002.235174
PRIVATE_IP_021,FC3_addr0_qty75,2001.344919
PRIVATE_IP_021,FC3_addr3_qty1,1999.483824
PRIVATE_IP_021,FC3_addr97_qty1,1998.651028
PRIVATE_IP_021,FC3_addr0_qty86,1000.411034
PRIVATE_IP_021,FC3_addr94_qty86,1001.327991
PRIVATE_IP_021,FC3_addr94_qty75,1999.203920
PRIVATE_IP_021,FC3_addr0_qty86,1000.494957
PRIVATE_IP_021,FC3_addr94_qty86,999.672890
PRIVATE_IP_021,FC3_addr0_qty75,2002.835989
PRIVATE_IP_021,FC3_addr3_qty1,1998.916149
PRIVATE_IP_021,FC3_addr97_qty1,2000.463009
PRIVATE_IP_021,FC3_addr0_qty86,1000.484943
PRIVATE_IP_021,FC3_addr94_qty86,1000.147104
PRIVATE_IP_021,FC3_addr94_qty75,2000.571966
PRIVATE_IP_021,FC3_addr0_qty86,1001.212120
PRIVATE_IP_021,FC3_addr94_qty86,1003.604889
PRIVATE_IP_021,FC3_addr0_qty75,1999.727011
PRIVATE_IP_021,FC3_addr3_qty1,2001.078844
PRIVATE_IP_021,FC3_addr97_qty1,2003.252983
PRIVATE_IP_021,FC3_addr0_qty86,1001.445055
PRIVATE_IP_021,FC3_addr94_qty86,1002.582073
PRIVATE_IP_021,FC3_addr94_qty75,2003.075123
PRIVATE_IP_021,FC3_addr0_qty86,1001.727819
PRIVATE_IP_021,FC3_addr94_qty86,1000.289917
PRIVATE_IP_021,FC3_addr0_qty75,2002.412081
PRIVATE_IP_021,FC3_addr3_qty1,2002.784967
PRIVATE_IP_021,FC3_addr97_qty1,1999.534130
PRIVATE_IP_021,FC3_addr0_qty86,1000.857115
PRIVATE_IP_021,FC3_addr94_qty86,999.639988
PRIVATE_IP_021,FC3_addr94_qty75,2006.309032
PRIVATE_IP_021,FC3_addr0_qty86,999.961853
PRIVATE_IP_021,FC3_addr94_qty86,1001.137972
PRIVATE_IP_021,FC3_addr0_qty75,2001.986027
PRIVATE_IP_021,FC3_addr3_qty1,2001.137018
PRIVATE_IP_021,FC3_addr97_qty1,1999.894857
PRIVATE_IP_021,FC3_addr0_qty86,1000.890017
PRIVATE_IP_021,FC3_addr94_qty86,1000.409126
PRIVATE_IP_021,FC3_addr94_qty75,1995.638847
PRIVATE_IP_021,FC3_addr0_qty86,998.916149
PRIVATE_IP_021,FC3_addr94_qty86,997.387886
PRIVATE_IP_021,FC3_addr0_qty75,2000.762939
PRIVATE_IP_021,FC3_addr3_qty1,2000.486135
PRIVATE_IP_021,FC3_addr97_qty1,2004.487991
PRIVATE_IP_021,FC3_addr0_qty86,1003.093004
PRIVATE_IP_021,FC3_addr94_qty86,1004.438162
PRIVATE_IP_021,FC3_addr94_qty75,2002.679110
PRIVATE_IP_021,FC3_addr0_qty86,1004.813910
PRIVATE_IP_021,FC3_addr94_qty86,1002.106905
PRIVATE_IP_021,FC3_addr0_qty75,1999.234915
PRIVATE_IP_021,FC3_addr3_qty1,2000.066996
PRIVATE_IP_021,FC3_addr97_qty1,1998.713017
PRIVATE_IP_021,FC3_addr0_qty86,994.895935
PRIVATE_IP_021,FC3_addr94_qty86,994.956017
PRIVATE_IP_021,FC3_addr94_qty75,1999.634981
PRIVATE_IP_021,FC3_addr0_qty86,1004.041195
PRIVATE_IP_021,FC3_addr94_qty86,1006.987095
PRIVATE_IP_021,FC3_addr0_qty75,2001.054049
PRIVATE_IP_021,FC3_addr3_qty1,2000.055075
PRIVATE_IP_021,FC3_addr97_qty1,1999.798059
PRIVATE_IP_021,FC3_addr0_qty86,998.209953
PRIVATE_IP_021,FC3_addr94_qty86,995.103836
PRIVATE_IP_021,FC3_addr94_qty75,2001.686096
PRIVATE_IP_021,FC3_addr0_qty86,1001.466036
PRIVATE_IP_021,FC3_addr94_qty86,1002.853155
PRIVATE_IP_021,FC3_addr0_qty75,2003.015041
PRIVATE_IP_021,FC3_addr3_qty1,2002.789974
PRIVATE_IP_021,FC3_addr97_qty1,2004.270077
PRIVATE_IP_021,FC3_addr0_qty86,1001.766920
PRIVATE_IP_021,FC3_addr94_qty86,1002.131939
PRIVATE_IP_021,FC3_addr94_qty75,2003.188848
PRIVATE_IP_021,FC3_addr0_qty86,1000.009060
PRIVATE_IP_021,FC3_addr94_qty86,999.593019
PRIVATE_IP_021,FC3_addr0_qty75,2001.230001
PRIVATE_IP_021,FC3_addr3_qty1,2001.529932
PRIVATE_IP_021,FC3_addr97_qty1,1999.711037
PRIVATE_IP_021,FC3_addr0_qty86,999.886036
PRIVATE_IP_021,FC3_addr94_qty86,998.769999
PRIVATE_IP_021,FC3_addr94_qty75,2000.566959
PRIVATE_IP_021,FC3_addr0_qty86,1000.777960
PRIVATE_IP_021,FC3_addr94_qty86,1002.486944
PRIVATE_IP_021,FC3_addr0_qty75,2002.031088
PRIVATE_IP_021,FC3_addr3_qty1,2003.591061
PRIVATE_IP_021,FC3_addr97_qty1,2003.790855
PRIVATE_IP_021,FC3_addr0_qty86,1002.239943
PRIVATE_IP_021,FC3_addr94_qty86,1001.401901
PRIVATE_IP_021,FC3_addr94_qty75,2000.390053
PRIVATE_IP_021,FC3_addr0_qty86,999.310970
PRIVATE_IP_021,FC3_addr94_qty86,1001.768112
PRIVATE_IP_021,FC3_addr0_qty75,1997.963905
PRIVATE_IP_021,FC3_addr3_qty1,1994.589806
PRIVATE_IP_021,FC3_addr97_qty1,1992.967129
PRIVATE_IP_021,FC3_addr0_qty86,1002.481937
PRIVATE_IP_021,FC3_addr94_qty86,1001.832008
PRIVATE_IP_021,FC3_addr94_qty75,2001.605034
PRIVATE_IP_021,FC3_addr0_qty86,998.853207
PRIVATE_IP_021,FC3_addr94_qty86,996.645927
PRIVATE_IP_021,FC3_addr0_qty75,2000.535011
PRIVATE_IP_021,FC3_addr3_qty1,2002.372026
PRIVATE_IP_021,FC3_addr97_qty1,2003.530979
PRIVATE_IP_021,FC3_addr0_qty86,1000.762939
PRIVATE_IP_021,FC3_addr94_qty86,1002.218008
PRIVATE_IP_021,FC3_addr94_qty75,2010.303974
PRIVATE_IP_021,FC3_addr0_qty86,999.855042
PRIVATE_IP_021,FC3_addr94_qty86,998.862982
PRIVATE_IP_021,FC3_addr0_qty75,2001.667023
PRIVATE_IP_021,FC3_addr3_qty1,2000.229120
PRIVATE_IP_021,FC3_addr97_qty1,2001.152992
