api,rtt_ms
PRIVATE_IP_021,5.191088
PRIVATE_IP_021,5.528927
PRIVATE_IP_021,8.397818
PRIVATE_IP_021,4.920959
PRIVATE_IP_021,5.048990
PRIVATE_IP_021,9.050131
PRIVATE_IP_021,4.995823
PRIVATE_IP_021,3.973007
PRIVATE_IP_021,6.564856
PRIVATE_IP_021,4.488945
PRIVATE_IP_021,6.943941
PRIVATE_IP_021,10.129213
PRIVATE_IP_021,8.751869
PRIVATE_IP_021,4.483938
PRIVATE_IP_021,6.049156
PRIVATE_IP_021,2.778053
PRIVATE_IP_021,9.288073
PRIVATE_IP_021,4.708052
PRIVATE_IP_021,8.623123
PRIVATE_IP_021,6.534100
PRIVATE_IP_021,5.228996
PRIVATE_IP_021,11.815071
PRIVATE_IP_021,5.300999
PRIVATE_IP_021,7.991076
PRIVATE_IP_021,3.302097
PRIVATE_IP_021,4.868984
PRIVATE_IP_021,19.491196
PRIVATE_IP_021,6.042957
PRIVATE_IP_021,6.722927
PRIVATE_IP_021,6.771088
PRIVATE_IP_021,5.189896
PRIVATE_IP_021,6.425142
PRIVATE_IP_021,4.267931
PRIVATE_IP_021,7.192135
PRIVATE_IP_021,8.614063
PRIVATE_IP_021,6.716967
PRIVATE_IP_021,5.017996
PRIVATE_IP_021,6.628036
PRIVATE_IP_021,8.738041
PRIVATE_IP_021,4.234076
PRIVATE_IP_021,5.027056
PRIVATE_IP_021,10.606050
PRIVATE_IP_021,12.130022
PRIVATE_IP_021,4.138947
PRIVATE_IP_021,6.602049
PRIVATE_IP_021,6.243944
PRIVATE_IP_021,3.923893
PRIVATE_IP_021,7.486105
PRIVATE_IP_021,5.371809
PRIVATE_IP_021,5.246878
PRIVATE_IP_021,8.686066
PRIVATE_IP_021,3.892183
PRIVATE_IP_021,5.612135
PRIVATE_IP_021,4.386187
PRIVATE_IP_021,4.557133
PRIVATE_IP_021,2.822876
PRIVATE_IP_021,4.565954
PRIVATE_IP_021,7.351875
PRIVATE_IP_021,6.573915
PRIVATE_IP_021,5.554914
PRIVATE_IP_021,5.626917
PRIVATE_IP_021,5.525827
PRIVATE_IP_021,5.465031
PRIVATE_IP_021,7.126093
PRIVATE_IP_021,7.915974
PRIVATE_IP_021,5.921125
PRIVATE_IP_021,8.768082
PRIVATE_IP_021,4.594088
PRIVATE_IP_021,3.345966
PRIVATE_IP_021,4.853964
PRIVATE_IP_021,4.821062
PRIVATE_IP_021,10.586977
PRIVATE_IP_021,4.958153
PRIVATE_IP_021,6.891966
PRIVATE_IP_021,12.805939
PRIVATE_IP_021,7.785082
PRIVATE_IP_021,4.781961
PRIVATE_IP_021,6.717920
PRIVATE_IP_021,5.180836
PRIVATE_IP_021,4.075050
PRIVATE_IP_021,5.846024
PRIVATE_IP_021,4.513979
PRIVATE_IP_021,11.634111
PRIVATE_IP_021,5.833149
PRIVATE_IP_021,4.433155
PRIVATE_IP_021,7.344961
PRIVATE_IP_021,4.318953
PRIVATE_IP_021,5.984068
PRIVATE_IP_021,5.547047
PRIVATE_IP_021,4.515886
PRIVATE_IP_021,7.156134
PRIVATE_IP_021,4.235983
PRIVATE_IP_021,4.846096
PRIVATE_IP_021,5.497932
PRIVATE_IP_021,6.222963
PRIVATE_IP_021,3.870010
PRIVATE_IP_021,6.196976
PRIVATE_IP_021,5.463123
PRIVATE_IP_021,4.565001
PRIVATE_IP_021,5.010128
PRIVATE_IP_021,4.945040
PRIVATE_IP_021,3.740072
PRIVATE_IP_021,4.566908
PRIVATE_IP_021,5.537033
PRIVATE_IP_021,5.958080
PRIVATE_IP_021,5.759001
PRIVATE_IP_021,7.362127
PRIVATE_IP_021,9.635925
PRIVATE_IP_021,4.683018
PRIVATE_IP_021,4.410028
PRIVATE_IP_021,4.945993
PRIVATE_IP_021,5.295992
PRIVATE_IP_021,7.733107
PRIVATE_IP_021,5.608082
PRIVATE_IP_021,4.777908
PRIVATE_IP_021,5.697966
PRIVATE_IP_021,6.580114
PRIVATE_IP_021,6.591082
PRIVATE_IP_021,4.508018
PRIVATE_IP_021,4.280090
PRIVATE_IP_021,6.459951
PRIVATE_IP_021,7.776022
PRIVATE_IP_021,7.591009
PRIVATE_IP_021,6.585121
PRIVATE_IP_021,4.513979
PRIVATE_IP_021,6.464958
PRIVATE_IP_021,5.148172
PRIVATE_IP_021,6.717920
PRIVATE_IP_021,6.966829
PRIVATE_IP_021,8.897066
PRIVATE_IP_021,4.001856
PRIVATE_IP_021,7.429123
PRIVATE_IP_021,6.171942
PRIVATE_IP_021,7.170916
PRIVATE_IP_021,4.096985
PRIVATE_IP_021,6.842852
PRIVATE_IP_021,4.362822
PRIVATE_IP_021,6.314039
PRIVATE_IP_021,7.318020
PRIVATE_IP_021,5.604029
PRIVATE_IP_021,4.698992
PRIVATE_IP_021,5.527020
PRIVATE_IP_021,4.407883
PRIVATE_IP_021,4.123926
PRIVATE_IP_021,3.695011
PRIVATE_IP_021,6.536007
PRIVATE_IP_021,11.670828
PRIVATE_IP_021,6.365061
PRIVATE_IP_021,5.377054
PRIVATE_IP_021,4.294157
PRIVATE_IP_021,4.446030
PRIVATE_IP_021,3.866911
PRIVATE_IP_021,5.192995
PRIVATE_IP_021,5.492926
PRIVATE_IP_021,4.478216
PRIVATE_IP_021,4.783869
PRIVATE_IP_021,4.186869
PRIVATE_IP_021,6.778955
PRIVATE_IP_021,5.299091
PRIVATE_IP_021,5.562067
PRIVATE_IP_021,6.047964
PRIVATE_IP_021,4.555941
PRIVATE_IP_021,13.370991
PRIVATE_IP_021,5.516052
PRIVATE_IP_021,4.589796
PRIVATE_IP_021,6.376982
PRIVATE_IP_021,4.976988
PRIVATE_IP_021,5.042791
PRIVATE_IP_021,5.251169
PRIVATE_IP_021,5.292892
PRIVATE_IP_021,9.663105
PRIVATE_IP_021,4.820108
PRIVATE_IP_021,6.686926
PRIVATE_IP_021,9.502172
PRIVATE_IP_021,3.799915
PRIVATE_IP_021,3.949881
PRIVATE_IP_021,5.120993
PRIVATE_IP_021,6.299019
PRIVATE_IP_021,4.776001
PRIVATE_IP_021,5.941868
PRIVATE_IP_021,4.992962
PRIVATE_IP_021,8.784056
PRIVATE_IP_021,4.657984
PRIVATE_IP_021,5.970955
PRIVATE_IP_021,5.223989
PRIVATE_IP_021,3.834009
PRIVATE_IP_021,5.394936
PRIVATE_IP_021,6.243944
PRIVATE_IP_021,4.785061
PRIVATE_IP_021,3.582001
PRIVATE_IP_021,11.303902
PRIVATE_IP_021,6.008863
PRIVATE_IP_021,8.517981
PRIVATE_IP_021,7.123947
PRIVATE_IP_021,9.433031
PRIVATE_IP_021,5.877972
PRIVATE_IP_021,7.118940
PRIVATE_IP_021,6.880045
PRIVATE_IP_021,5.583048
PRIVATE_IP_021,4.352093
PRIVATE_IP_021,4.359007
PRIVATE_IP_021,4.615068
PRIVATE_IP_021,16.155005
PRIVATE_IP_021,4.302979
PRIVATE_IP_021,7.616997
PRIVATE_IP_021,4.728079
PRIVATE_IP_021,9.490013
PRIVATE_IP_021,5.064011
PRIVATE_IP_021,3.324032
PRIVATE_IP_021,4.575014
PRIVATE_IP_021,11.405945
PRIVATE_IP_021,4.148006
PRIVATE_IP_021,4.744053
PRIVATE_IP_021,6.786823
PRIVATE_IP_021,6.277084
PRIVATE_IP_021,6.884098
PRIVATE_IP_021,3.283978
PRIVATE_IP_021,3.703117
PRIVATE_IP_021,9.168148
PRIVATE_IP_021,4.011154
PRIVATE_IP_021,4.539013
PRIVATE_IP_021,6.108046
PRIVATE_IP_021,6.601095
PRIVATE_IP_021,8.888960
PRIVATE_IP_021,3.432035
PRIVATE_IP_021,5.903006
PRIVATE_IP_021,5.538940
PRIVATE_IP_021,6.564140
PRIVATE_IP_021,6.115913
PRIVATE_IP_021,5.076885
PRIVATE_IP_021,7.328033
PRIVATE_IP_021,7.487059
PRIVATE_IP_021,6.175995
PRIVATE_IP_021,6.077051
PRIVATE_IP_021,5.607843
PRIVATE_IP_021,5.517006
PRIVATE_IP_021,7.195950
PRIVATE_IP_021,6.188154
PRIVATE_IP_021,4.709959
PRIVATE_IP_021,4.022121
PRIVATE_IP_021,4.379034
PRIVATE_IP_021,4.070044
PRIVATE_IP_021,9.076118
PRIVATE_IP_021,6.240129
PRIVATE_IP_021,5.422831
PRIVATE_IP_021,6.086111
PRIVATE_IP_021,7.520914
PRIVATE_IP_021,5.743027
PRIVATE_IP_021,6.692171
PRIVATE_IP_021,4.447222
PRIVATE_IP_021,4.209042
PRIVATE_IP_021,5.465031
PRIVATE_IP_021,4.992008
PRIVATE_IP_021,5.097866
PRIVATE_IP_021,4.918098
PRIVATE_IP_021,5.986929
PRIVATE_IP_021,5.007029
PRIVATE_IP_021,9.346962
PRIVATE_IP_021,5.224943
PRIVATE_IP_021,4.258156
PRIVATE_IP_021,4.328012
PRIVATE_IP_021,10.661125
PRIVATE_IP_021,5.671978
PRIVATE_IP_021,6.723881
PRIVATE_IP_021,9.811878
PRIVATE_IP_021,4.683018
PRIVATE_IP_021,17.493010
PRIVATE_IP_021,5.275965
PRIVATE_IP_021,5.759954
PRIVATE_IP_021,10.977983
PRIVATE_IP_021,6.921053
PRIVATE_IP_021,5.728960
PRIVATE_IP_021,4.563093
PRIVATE_IP_021,4.812002
PRIVATE_IP_021,5.229950
PRIVATE_IP_021,7.123947
PRIVATE_IP_021,5.258799
PRIVATE_IP_021,7.555962
PRIVATE_IP_021,4.956961
PRIVATE_IP_021,4.143000
PRIVATE_IP_021,6.501913
PRIVATE_IP_021,3.813982
PRIVATE_IP_021,10.725975
PRIVATE_IP_021,6.745815
PRIVATE_IP_021,4.345179
PRIVATE_IP_021,5.033970
PRIVATE_IP_021,9.826899
PRIVATE_IP_021,8.449078
PRIVATE_IP_021,3.916025
PRIVATE_IP_021,5.979061
PRIVATE_IP_021,8.990049
PRIVATE_IP_021,4.331112
PRIVATE_IP_021,6.292105
PRIVATE_IP_021,9.690046
PRIVATE_IP_021,8.799791
PRIVATE_IP_021,4.981041
PRIVATE_IP_021,3.746033
PRIVATE_IP_021,3.609896
PRIVATE_IP_021,9.464025
PRIVATE_IP_021,8.112907
PRIVATE_IP_021,9.062052
PRIVATE_IP_021,6.709099
PRIVATE_IP_021,5.396843
PRIVATE_IP_021,6.015062
PRIVATE_IP_021,4.513025
PRIVATE_IP_021,5.634069
PRIVATE_IP_021,9.928942
PRIVATE_IP_021,4.954100
PRIVATE_IP_021,6.760836
PRIVATE_IP_021,5.129814
PRIVATE_IP_021,3.921032
PRIVATE_IP_021,4.119873
PRIVATE_IP_021,6.165981
PRIVATE_IP_021,4.781961
PRIVATE_IP_021,6.902933
PRIVATE_IP_021,3.925085
PRIVATE_IP_021,4.715919
PRIVATE_IP_021,4.390001
PRIVATE_IP_021,7.871866
PRIVATE_IP_021,9.819984
PRIVATE_IP_021,5.563974
PRIVATE_IP_021,6.479025
PRIVATE_IP_021,8.818865
PRIVATE_IP_021,5.290985
PRIVATE_IP_021,4.477978
PRIVATE_IP_021,4.946947
PRIVATE_IP_021,6.031036
PRIVATE_IP_021,4.664898
PRIVATE_IP_021,3.773928
PRIVATE_IP_021,6.036043
PRIVATE_IP_021,8.813858
PRIVATE_IP_021,4.460096
PRIVATE_IP_021,4.487038
PRIVATE_IP_021,4.462004
PRIVATE_IP_021,4.541874
PRIVATE_IP_021,5.252123
PRIVATE_IP_021,5.190849
PRIVATE_IP_021,8.788109
PRIVATE_IP_021,5.669117
PRIVATE_IP_021,7.576942
PRIVATE_IP_021,8.282900
PRIVATE_IP_021,6.004810
PRIVATE_IP_021,6.850004
PRIVATE_IP_021,5.928040
PRIVATE_IP_021,4.336119
PRIVATE_IP_021,7.044077
PRIVATE_IP_021,8.960962
PRIVATE_IP_021,5.957842
PRIVATE_IP_021,4.793882
PRIVATE_IP_021,5.422115
PRIVATE_IP_021,4.847050
PRIVATE_IP_021,5.640030
PRIVATE_IP_021,8.747816
PRIVATE_IP_021,4.528999
PRIVATE_IP_021,10.453939
PRIVATE_IP_021,7.987022
PRIVATE_IP_021,6.475925
PRIVATE_IP_021,8.415937
PRIVATE_IP_021,4.840136
PRIVATE_IP_021,3.896952
PRIVATE_IP_021,5.038023
PRIVATE_IP_021,5.162001
PRIVATE_IP_021,12.704134
PRIVATE_IP_021,3.852844
PRIVATE_IP_021,8.817911
PRIVATE_IP_021,4.395008
PRIVATE_IP_021,7.519960
PRIVATE_IP_021,6.839037
PRIVATE_IP_021,5.677938
PRIVATE_IP_021,6.326199
PRIVATE_IP_021,4.729986
PRIVATE_IP_021,6.649971
PRIVATE_IP_021,3.887892
PRIVATE_IP_021,5.511999
PRIVATE_IP_021,6.554127
PRIVATE_IP_021,9.955883
PRIVATE_IP_021,6.886005
PRIVATE_IP_021,5.391121
PRIVATE_IP_021,9.123087
PRIVATE_IP_021,6.532907
PRIVATE_IP_021,5.657911
PRIVATE_IP_021,11.071920
PRIVATE_IP_021,4.966021
PRIVATE_IP_021,4.348040
PRIVATE_IP_021,6.754875
PRIVATE_IP_021,7.359982
PRIVATE_IP_021,4.991055
PRIVATE_IP_021,6.959915
PRIVATE_IP_021,7.140160
PRIVATE_IP_021,6.612778
PRIVATE_IP_021,3.727198
PRIVATE_IP_021,4.592896
PRIVATE_IP_021,5.118132
PRIVATE_IP_021,4.896879
PRIVATE_IP_021,4.917145
PRIVATE_IP_021,4.342079
PRIVATE_IP_021,4.081011
PRIVATE_IP_021,7.925034
PRIVATE_IP_021,6.283998
PRIVATE_IP_021,4.825830
PRIVATE_IP_021,5.964041
PRIVATE_IP_021,4.585981
PRIVATE_IP_021,6.712198
PRIVATE_IP_021,6.013155
PRIVATE_IP_021,5.170107
PRIVATE_IP_021,4.384041
PRIVATE_IP_021,6.944895
PRIVATE_IP_021,4.952908
PRIVATE_IP_021,7.485151
PRIVATE_IP_021,6.201982
PRIVATE_IP_021,14.816046
PRIVATE_IP_021,7.002831
PRIVATE_IP_021,3.916979
PRIVATE_IP_021,7.946014
PRIVATE_IP_021,7.740974
PRIVATE_IP_021,5.841017
PRIVATE_IP_021,7.357836
PRIVATE_IP_021,5.990028
PRIVATE_IP_021,4.635096
PRIVATE_IP_021,9.668112
PRIVATE_IP_021,4.595995
PRIVATE_IP_021,7.152081
PRIVATE_IP_021,6.751060
PRIVATE_IP_021,4.432201
PRIVATE_IP_021,4.307032
PRIVATE_IP_021,7.381201
PRIVATE_IP_021,4.800081
PRIVATE_IP_021,5.105019
PRIVATE_IP_021,7.845163
PRIVATE_IP_021,4.610062
PRIVATE_IP_021,4.403830
PRIVATE_IP_021,5.333900
PRIVATE_IP_021,5.613089
PRIVATE_IP_021,3.962040
PRIVATE_IP_021,6.753922
PRIVATE_IP_021,5.231857
PRIVATE_IP_021,6.025076
PRIVATE_IP_021,6.355047
PRIVATE_IP_021,5.636930
PRIVATE_IP_021,4.137039
PRIVATE_IP_021,4.473925
PRIVATE_IP_021,3.576994
PRIVATE_IP_021,12.764931
PRIVATE_IP_021,6.438971
PRIVATE_IP_021,5.395889
PRIVATE_IP_021,4.864931
PRIVATE_IP_021,5.986929
PRIVATE_IP_021,4.188061
PRIVATE_IP_021,6.628990
PRIVATE_IP_021,5.506039
PRIVATE_IP_021,4.477024
PRIVATE_IP_021,4.253149
PRIVATE_IP_021,5.851030
PRIVATE_IP_021,5.669117
PRIVATE_IP_021,4.945993
PRIVATE_IP_021,4.992008
PRIVATE_IP_021,7.181168
PRIVATE_IP_021,4.524946
PRIVATE_IP_021,6.443024
PRIVATE_IP_021,8.960962
PRIVATE_IP_021,3.806829
PRIVATE_IP_021,5.449057
PRIVATE_IP_021,5.705118
PRIVATE_IP_021,3.576994
PRIVATE_IP_021,4.184961
PRIVATE_IP_021,4.878044
PRIVATE_IP_021,6.145954
PRIVATE_IP_021,3.733873
PRIVATE_IP_021,5.426168
PRIVATE_IP_021,4.388094
PRIVATE_IP_021,5.339146
PRIVATE_IP_021,12.112856
PRIVATE_IP_021,4.583836
PRIVATE_IP_021,6.989002
PRIVATE_IP_021,7.223845
PRIVATE_IP_021,6.137133
PRIVATE_IP_021,3.728867
PRIVATE_IP_021,8.349895
PRIVATE_IP_021,5.340099
PRIVATE_IP_021,4.407883
PRIVATE_IP_021,5.680084
PRIVATE_IP_021,4.152060
PRIVATE_IP_021,8.434057
PRIVATE_IP_021,4.585028
PRIVATE_IP_021,7.632017
PRIVATE_IP_021,6.125212
PRIVATE_IP_021,6.922960
PRIVATE_IP_021,6.760120
PRIVATE_IP_021,7.986069
PRIVATE_IP_021,5.106926
PRIVATE_IP_021,8.111954
PRIVATE_IP_021,3.946066
PRIVATE_IP_021,7.587910
PRIVATE_IP_021,10.566950
PRIVATE_IP_021,4.004002
PRIVATE_IP_021,7.403135
PRIVATE_IP_021,4.087925
PRIVATE_IP_021,6.356955
PRIVATE_IP_021,9.212017
PRIVATE_IP_021,6.791830
PRIVATE_IP_021,5.136967
PRIVATE_IP_021,5.569935
PRIVATE_IP_021,4.690886
PRIVATE_IP_021,7.398129
PRIVATE_IP_021,4.428148
PRIVATE_IP_021,10.255098
PRIVATE_IP_021,10.595798
PRIVATE_IP_021,5.367041
PRIVATE_IP_021,6.965876
PRIVATE_IP_021,9.390831
PRIVATE_IP_021,3.546953
PRIVATE_IP_021,5.251884
PRIVATE_IP_021,6.837845
PRIVATE_IP_021,9.700060
PRIVATE_IP_021,12.744904
PRIVATE_IP_021,6.039143
PRIVATE_IP_021,6.402016
PRIVATE_IP_021,8.085012
PRIVATE_IP_021,9.066105
PRIVATE_IP_021,4.974842
PRIVATE_IP_021,4.945040
PRIVATE_IP_021,4.414082
PRIVATE_IP_021,12.260199
PRIVATE_IP_021,4.451990
PRIVATE_IP_021,6.072998
PRIVATE_IP_021,8.702040
PRIVATE_IP_021,7.313967
PRIVATE_IP_021,6.327868
PRIVATE_IP_021,4.230022
PRIVATE_IP_021,5.638123
PRIVATE_IP_021,11.970043
PRIVATE_IP_021,3.538847
PRIVATE_IP_021,8.444071
PRIVATE_IP_021,6.685019
PRIVATE_IP_021,4.652977
PRIVATE_IP_021,7.346869
PRIVATE_IP_021,5.302906
PRIVATE_IP_021,8.075953
PRIVATE_IP_021,10.477066
PRIVATE_IP_021,5.368948
PRIVATE_IP_021,13.015985
PRIVATE_IP_021,7.522106
PRIVATE_IP_021,4.175901
PRIVATE_IP_021,4.930973
PRIVATE_IP_021,6.452084
PRIVATE_IP_021,4.862070
PRIVATE_IP_021,5.733013
PRIVATE_IP_021,4.488945
PRIVATE_IP_021,5.095959
PRIVATE_IP_021,4.477978
PRIVATE_IP_021,4.355907
PRIVATE_IP_021,4.171848
PRIVATE_IP_021,5.943060
PRIVATE_IP_021,6.017923
PRIVATE_IP_021,11.923075
PRIVATE_IP_021,4.510880
PRIVATE_IP_021,13.550997
PRIVATE_IP_021,5.882025
PRIVATE_IP_021,4.926920
PRIVATE_IP_021,4.535913
PRIVATE_IP_021,3.796101
PRIVATE_IP_021,5.378962
PRIVATE_IP_021,4.142046
PRIVATE_IP_021,3.669024
PRIVATE_IP_021,6.168842
PRIVATE_IP_021,8.072138
PRIVATE_IP_021,10.069847
PRIVATE_IP_021,7.415771
PRIVATE_IP_021,3.988981
PRIVATE_IP_021,8.174896
PRIVATE_IP_021,8.085966
PRIVATE_IP_021,4.332066
PRIVATE_IP_021,9.106874
PRIVATE_IP_021,5.574942
PRIVATE_IP_021,6.542921
PRIVATE_IP_021,5.670071
PRIVATE_IP_021,3.668070
PRIVATE_IP_021,5.987167
PRIVATE_IP_021,12.219906
PRIVATE_IP_021,5.194187
PRIVATE_IP_021,4.477024
PRIVATE_IP_021,5.070925
PRIVATE_IP_021,4.038095
PRIVATE_IP_021,5.430937
PRIVATE_IP_021,4.650831
PRIVATE_IP_021,7.402897
PRIVATE_IP_021,11.258125
PRIVATE_IP_021,10.836124
PRIVATE_IP_021,4.807949
PRIVATE_IP_021,4.477978
PRIVATE_IP_021,6.824970
PRIVATE_IP_021,4.349947
PRIVATE_IP_021,8.487940
PRIVATE_IP_021,5.061865
PRIVATE_IP_021,13.148069
PRIVATE_IP_021,3.885984
PRIVATE_IP_021,6.864071
PRIVATE_IP_021,6.422043
PRIVATE_IP_021,5.785227
PRIVATE_IP_021,4.472971
PRIVATE_IP_021,7.843971
PRIVATE_IP_021,5.808830
PRIVATE_IP_021,10.010958
PRIVATE_IP_021,5.616188
PRIVATE_IP_021,5.974054
PRIVATE_IP_021,4.904032
PRIVATE_IP_021,5.836964
PRIVATE_IP_021,3.880978
PRIVATE_IP_021,8.229017
PRIVATE_IP_021,3.315926
PRIVATE_IP_021,5.201101
PRIVATE_IP_021,6.736040
PRIVATE_IP_021,6.743908
PRIVATE_IP_021,7.961988
PRIVATE_IP_021,4.447937
PRIVATE_IP_021,5.033970
PRIVATE_IP_021,5.595207
PRIVATE_IP_021,4.104137
PRIVATE_IP_021,5.152941
PRIVATE_IP_021,5.850792
PRIVATE_IP_021,7.191896
PRIVATE_IP_021,9.445906
PRIVATE_IP_021,5.308151
PRIVATE_IP_021,3.546000
PRIVATE_IP_021,5.874157
PRIVATE_IP_021,6.690025
PRIVATE_IP_021,4.341125
PRIVATE_IP_021,5.059958
PRIVATE_IP_021,5.068064
PRIVATE_IP_021,9.281158
PRIVATE_IP_021,4.415035
PRIVATE_IP_021,6.434917
PRIVATE_IP_021,4.532099
PRIVATE_IP_021,4.957914
PRIVATE_IP_021,6.275177
PRIVATE_IP_021,6.865025
PRIVATE_IP_021,6.018877
PRIVATE_IP_021,5.068064
PRIVATE_IP_021,8.794069
PRIVATE_IP_021,3.914833
PRIVATE_IP_021,4.851818
PRIVATE_IP_021,4.297018
PRIVATE_IP_021,16.999960
PRIVATE_IP_021,5.845070
PRIVATE_IP_021,6.217957
PRIVATE_IP_021,6.556988
PRIVATE_IP_021,5.614042
PRIVATE_IP_021,4.920006
PRIVATE_IP_021,4.819870
PRIVATE_IP_021,4.724026
PRIVATE_IP_021,11.619091
PRIVATE_IP_021,5.833864
PRIVATE_IP_021,6.808996
PRIVATE_IP_021,6.663799
PRIVATE_IP_021,7.771015
PRIVATE_IP_021,4.256964
PRIVATE_IP_021,5.435944
PRIVATE_IP_021,10.420084
PRIVATE_IP_021,13.324022
PRIVATE_IP_021,6.072044
PRIVATE_IP_021,6.078959
PRIVATE_IP_021,4.279137
PRIVATE_IP_021,4.117012
PRIVATE_IP_021,7.570028
PRIVATE_IP_021,4.967928
PRIVATE_IP_021,4.457951
PRIVATE_IP_021,2.992868
PRIVATE_IP_021,4.397154
PRIVATE_IP_021,7.532120
PRIVATE_IP_021,6.037951
PRIVATE_IP_021,8.665085
PRIVATE_IP_021,4.925966
PRIVATE_IP_021,7.111073
PRIVATE_IP_021,6.320000
PRIVATE_IP_021,14.337063
PRIVATE_IP_021,6.943941
PRIVATE_IP_021,6.819963
PRIVATE_IP_021,4.920959
PRIVATE_IP_021,5.546093
PRIVATE_IP_021,6.541014
PRIVATE_IP_021,8.415937
PRIVATE_IP_021,12.364149
PRIVATE_IP_021,11.483908
PRIVATE_IP_021,4.189968
PRIVATE_IP_021,4.081011
PRIVATE_IP_021,4.696131
PRIVATE_IP_021,7.602215
PRIVATE_IP_021,6.574154
PRIVATE_IP_021,6.320000
PRIVATE_IP_021,8.086920
PRIVATE_IP_021,7.200003
PRIVATE_IP_021,4.436970
PRIVATE_IP_021,5.020142
PRIVATE_IP_021,4.681110
PRIVATE_IP_021,4.550219
PRIVATE_IP_021,12.245178
PRIVATE_IP_021,7.800817
PRIVATE_IP_021,6.760120
PRIVATE_IP_021,9.243011
PRIVATE_IP_021,8.384943
PRIVATE_IP_021,5.608082
PRIVATE_IP_021,6.142139
PRIVATE_IP_021,5.296946
PRIVATE_IP_021,6.396055
PRIVATE_IP_021,9.743929
PRIVATE_IP_021,4.464149
PRIVATE_IP_021,15.722036
PRIVATE_IP_021,6.968021
PRIVATE_IP_021,5.895138
PRIVATE_IP_021,9.818077
PRIVATE_IP_021,4.631996
PRIVATE_IP_021,4.306078
PRIVATE_IP_021,7.076979
PRIVATE_IP_021,5.283117
PRIVATE_IP_021,13.634920
PRIVATE_IP_021,5.748987
PRIVATE_IP_021,5.638838
PRIVATE_IP_021,8.340120
PRIVATE_IP_021,4.466057
PRIVATE_IP_021,6.464958
PRIVATE_IP_021,9.927988
PRIVATE_IP_021,5.678177
PRIVATE_IP_021,11.893988
PRIVATE_IP_021,4.643917
PRIVATE_IP_021,5.975962
PRIVATE_IP_021,5.673885
PRIVATE_IP_021,7.191896
PRIVATE_IP_021,5.971909
PRIVATE_IP_021,6.469011
PRIVATE_IP_021,8.240938
PRIVATE_IP_021,8.746147
PRIVATE_IP_021,7.390976
PRIVATE_IP_021,6.722927
PRIVATE_IP_021,10.431051
PRIVATE_IP_021,4.281998
PRIVATE_IP_021,4.937172
PRIVATE_IP_021,6.595850
PRIVATE_IP_021,7.922888
PRIVATE_IP_021,4.548073
PRIVATE_IP_021,5.350113
PRIVATE_IP_021,8.081913
PRIVATE_IP_021,9.742022
PRIVATE_IP_021,5.010843
PRIVATE_IP_021,5.411863
PRIVATE_IP_021,5.974054
PRIVATE_IP_021,4.952908
PRIVATE_IP_021,6.518126
PRIVATE_IP_021,4.848003
PRIVATE_IP_021,7.345915
PRIVATE_IP_021,10.271788
PRIVATE_IP_021,6.882906
PRIVATE_IP_021,5.151987
PRIVATE_IP_021,6.874084
PRIVATE_IP_021,6.148100
PRIVATE_IP_021,5.440950
PRIVATE_IP_021,4.731894
PRIVATE_IP_021,4.797935
PRIVATE_IP_021,8.502960
PRIVATE_IP_021,4.574060
PRIVATE_IP_021,3.326893
PRIVATE_IP_021,4.104137
PRIVATE_IP_021,6.273031
PRIVATE_IP_021,6.206036
PRIVATE_IP_021,9.508133
PRIVATE_IP_021,4.931927
PRIVATE_IP_021,8.882999
PRIVATE_IP_021,6.842136
PRIVATE_IP_021,4.024982
PRIVATE_IP_021,8.619070
PRIVATE_IP_021,4.392147
PRIVATE_IP_021,6.693125
PRIVATE_IP_021,4.267931
PRIVATE_IP_021,6.496906
PRIVATE_IP_021,8.306980
PRIVATE_IP_021,4.954100
PRIVATE_IP_021,4.617214
PRIVATE_IP_021,11.986017
PRIVATE_IP_021,8.558989
PRIVATE_IP_021,9.578943
PRIVATE_IP_021,5.656004
PRIVATE_IP_021,5.325079
PRIVATE_IP_021,6.438017
PRIVATE_IP_021,7.092953
PRIVATE_IP_021,4.250050
PRIVATE_IP_021,5.436897
PRIVATE_IP_021,9.610176
PRIVATE_IP_021,9.568930
PRIVATE_IP_021,4.501104
PRIVATE_IP_021,6.908894
PRIVATE_IP_021,6.488085
PRIVATE_IP_021,4.099131
PRIVATE_IP_021,5.305052
PRIVATE_IP_021,4.817009
PRIVATE_IP_021,4.910946
PRIVATE_IP_021,11.750937
PRIVATE_IP_021,6.979227
PRIVATE_IP_021,4.696131
PRIVATE_IP_021,8.047104
PRIVATE_IP_021,6.288052
PRIVATE_IP_021,5.406857
PRIVATE_IP_021,5.724192
PRIVATE_IP_021,6.428957
PRIVATE_IP_021,7.080078
PRIVATE_IP_021,5.297899
PRIVATE_IP_021,6.076097
PRIVATE_IP_021,4.432917
PRIVATE_IP_021,4.200220
PRIVATE_IP_021,4.091978
PRIVATE_IP_021,4.903793
PRIVATE_IP_021,4.825830
PRIVATE_IP_021,5.090952
PRIVATE_IP_021,5.432129
PRIVATE_IP_021,6.247044
PRIVATE_IP_021,6.551981
PRIVATE_IP_021,5.728006
PRIVATE_IP_021,6.334066
PRIVATE_IP_021,7.816076
PRIVATE_IP_021,4.760981
PRIVATE_IP_021,6.594896
PRIVATE_IP_021,6.791115
PRIVATE_IP_021,7.606030
PRIVATE_IP_021,9.145975
PRIVATE_IP_021,5.277157
PRIVATE_IP_021,5.517006
PRIVATE_IP_021,7.946968
PRIVATE_IP_021,7.766008
PRIVATE_IP_021,8.438110
PRIVATE_IP_021,5.844116
PRIVATE_IP_021,6.142139
PRIVATE_IP_021,7.035971
PRIVATE_IP_021,6.263018
PRIVATE_IP_021,5.620003
PRIVATE_IP_021,5.426168
PRIVATE_IP_021,5.661011
PRIVATE_IP_021,4.538774
PRIVATE_IP_021,4.392147
PRIVATE_IP_021,5.897999
PRIVATE_IP_021,7.550955
PRIVATE_IP_021,5.145073
PRIVATE_IP_021,8.869886
PRIVATE_IP_021,5.994081
PRIVATE_IP_021,6.471872
PRIVATE_IP_021,7.912874
PRIVATE_IP_021,5.650043
PRIVATE_IP_021,5.890131
PRIVATE_IP_021,7.782936
PRIVATE_IP_021,4.464149
PRIVATE_IP_021,6.118059
PRIVATE_IP_021,7.315874
PRIVATE_IP_021,6.045103
PRIVATE_IP_021,7.977962
PRIVATE_IP_021,8.219004
PRIVATE_IP_021,6.141186
PRIVATE_IP_021,7.435799
PRIVATE_IP_021,6.575108
PRIVATE_IP_021,5.771875
PRIVATE_IP_021,8.253098
PRIVATE_IP_021,5.797863
PRIVATE_IP_021,5.819798
PRIVATE_IP_021,6.501913
PRIVATE_IP_021,4.490852
PRIVATE_IP_021,7.248878
PRIVATE_IP_021,6.661892
PRIVATE_IP_021,9.378910
PRIVATE_IP_021,8.114100
PRIVATE_IP_021,14.767170
PRIVATE_IP_021,3.613949
PRIVATE_IP_021,5.178213
PRIVATE_IP_021,4.308939
PRIVATE_IP_021,7.304907
PRIVATE_IP_021,7.081985
PRIVATE_IP_021,8.404016
PRIVATE_IP_021,7.183075
PRIVATE_IP_021,3.775120
PRIVATE_IP_021,9.932041
PRIVATE_IP_021,10.802031
PRIVATE_IP_021,6.789923
PRIVATE_IP_021,6.150961
PRIVATE_IP_021,4.946947
PRIVATE_IP_021,5.317926
PRIVATE_IP_021,6.592035
PRIVATE_IP_021,5.578995
PRIVATE_IP_021,8.519173
PRIVATE_IP_021,5.618095
PRIVATE_IP_021,7.042170
PRIVATE_IP_021,13.086796
PRIVATE_IP_021,4.891157
PRIVATE_IP_021,3.943920
PRIVATE_IP_021,5.065918
PRIVATE_IP_021,4.612923
PRIVATE_IP_021,6.212950
PRIVATE_IP_021,5.970001
PRIVATE_IP_021,4.417896
PRIVATE_IP_021,6.541014
PRIVATE_IP_021,5.198956
PRIVATE_IP_021,8.025169
PRIVATE_IP_021,5.326986
PRIVATE_IP_021,5.550861
PRIVATE_IP_021,5.962133
PRIVATE_IP_021,7.583141
PRIVATE_IP_021,4.780054
PRIVATE_IP_021,7.678986
PRIVATE_IP_021,6.322145
PRIVATE_IP_021,4.770041
PRIVATE_IP_021,5.836010
PRIVATE_IP_021,5.358934
PRIVATE_IP_021,7.899046
PRIVATE_IP_021,7.150173
PRIVATE_IP_021,6.933928
PRIVATE_IP_021,9.778023
PRIVATE_IP_021,5.147934
PRIVATE_IP_021,6.586075
PRIVATE_IP_021,6.080866
PRIVATE_IP_021,5.461931
PRIVATE_IP_021,5.011082
PRIVATE_IP_021,4.287004
PRIVATE_IP_021,5.442858
PRIVATE_IP_021,6.566048
PRIVATE_IP_021,5.337954
PRIVATE_IP_021,5.621910
PRIVATE_IP_021,4.838943
PRIVATE_IP_021,5.411863
PRIVATE_IP_021,11.372089
PRIVATE_IP_021,6.545067
PRIVATE_IP_021,6.639004
PRIVATE_IP_021,8.278847
PRIVATE_IP_021,6.040812
PRIVATE_IP_021,6.350994
PRIVATE_IP_021,6.119967
PRIVATE_IP_021,4.193068
PRIVATE_IP_021,5.760908
PRIVATE_IP_021,6.752014
PRIVATE_IP_021,5.526066
PRIVATE_IP_021,9.622097
PRIVATE_IP_021,6.772041
PRIVATE_IP_021,5.496979
PRIVATE_IP_021,5.192041
PRIVATE_IP_021,9.175062
PRIVATE_IP_021,9.046078
PRIVATE_IP_021,16.205072
PRIVATE_IP_021,8.115053
PRIVATE_IP_021,5.259037
PRIVATE_IP_021,10.254145
PRIVATE_IP_021,7.359982
PRIVATE_IP_021,9.955883
PRIVATE_IP_021,4.266977
PRIVATE_IP_021,9.330034
PRIVATE_IP_021,6.688118
PRIVATE_IP_021,5.564213
PRIVATE_IP_021,8.094072
PRIVATE_IP_021,7.026196
PRIVATE_IP_021,5.844116
PRIVATE_IP_021,5.552053
PRIVATE_IP_021,5.250931
PRIVATE_IP_021,4.782915
PRIVATE_IP_021,5.944967
PRIVATE_IP_021,8.870125
PRIVATE_IP_021,10.786057
PRIVATE_IP_021,4.889011
PRIVATE_IP_021,4.676104
PRIVATE_IP_021,5.264044
PRIVATE_IP_021,5.434036
PRIVATE_IP_021,7.672787
PRIVATE_IP_021,8.121014
PRIVATE_IP_021,4.456997
PRIVATE_IP_021,6.192923
PRIVATE_IP_021,5.758047
PRIVATE_IP_021,5.695105
PRIVATE_IP_021,10.229111
PRIVATE_IP_021,4.612923
PRIVATE_IP_021,11.481047
PRIVATE_IP_021,5.900145
PRIVATE_IP_021,8.056879
PRIVATE_IP_021,5.050898
PRIVATE_IP_021,4.276037
PRIVATE_IP_021,10.027885
PRIVATE_IP_021,5.891085
PRIVATE_IP_021,12.017965
PRIVATE_IP_021,8.083820
PRIVATE_IP_021,5.270004
PRIVATE_IP_021,5.209923
PRIVATE_IP_021,4.436970
PRIVATE_IP_021,4.412889
PRIVATE_IP_021,5.723000
PRIVATE_IP_021,5.864859
PRIVATE_IP_021,3.868818
PRIVATE_IP_021,5.352020
PRIVATE_IP_021,6.921053
PRIVATE_IP_021,4.212856
PRIVATE_IP_021,6.042004
PRIVATE_IP_021,7.986069
PRIVATE_IP_021,4.091024
PRIVATE_IP_021,4.713058
PRIVATE_IP_021,5.357981
PRIVATE_IP_021,7.597208
PRIVATE_IP_021,5.538940
PRIVATE_IP_021,5.992889
PRIVATE_IP_021,9.885073
PRIVATE_IP_021,8.486032
PRIVATE_IP_021,5.510092
PRIVATE_IP_021,8.230925
PRIVATE_IP_021,6.359100
PRIVATE_IP_021,13.008833
PRIVATE_IP_021,4.064083
PRIVATE_IP_021,4.692078
PRIVATE_IP_021,11.071920
PRIVATE_IP_021,5.808115
PRIVATE_IP_021,6.098986
PRIVATE_IP_021,7.535934
PRIVATE_IP_021,6.254196
PRIVATE_IP_021,10.272026
PRIVATE_IP_021,6.685019
PRIVATE_IP_021,6.211042
PRIVATE_IP_021,10.154009
PRIVATE_IP_021,12.839794
PRIVATE_IP_021,4.879951
PRIVATE_IP_021,11.080027
PRIVATE_IP_021,4.731894
PRIVATE_IP_021,6.237984
PRIVATE_IP_021,6.427050
PRIVATE_IP_021,5.630016
PRIVATE_IP_021,11.078119
PRIVATE_IP_021,7.817984
PRIVATE_IP_021,9.149790
PRIVATE_IP_021,7.047176
PRIVATE_IP_021,11.382818
PRIVATE_IP_021,9.905100
PRIVATE_IP_021,9.072781
PRIVATE_IP_021,4.370928
PRIVATE_IP_021,5.991936
PRIVATE_IP_021,6.372929
PRIVATE_IP_021,8.013010
PRIVATE_IP_021,6.273031
PRIVATE_IP_021,4.249096
PRIVATE_IP_021,5.388021
PRIVATE_IP_021,7.070065
PRIVATE_IP_021,4.913092
PRIVATE_IP_021,9.306192
PRIVATE_IP_021,5.002975
PRIVATE_IP_021,7.000208
PRIVATE_IP_021,6.598949
PRIVATE_IP_021,4.527092
PRIVATE_IP_021,4.271984
PRIVATE_IP_021,6.021023
PRIVATE_IP_021,9.655952
PRIVATE_IP_021,6.330013
PRIVATE_IP_021,8.904934
PRIVATE_IP_021,8.994818
PRIVATE_IP_021,4.357100
PRIVATE_IP_021,4.604101
PRIVATE_IP_021,8.166075
PRIVATE_IP_021,5.215883
PRIVATE_IP_021,7.658005
PRIVATE_IP_021,7.066965
PRIVATE_IP_021,5.720139
PRIVATE_IP_021,5.402088
PRIVATE_IP_021,5.748034
PRIVATE_IP_021,4.925966
PRIVATE_IP_021,5.215168
PRIVATE_IP_021,6.769180
PRIVATE_IP_021,10.517120
PRIVATE_IP_021,7.935047
PRIVATE_IP_021,6.120920
PRIVATE_IP_021,6.205082
PRIVATE_IP_021,5.234957
PRIVATE_IP_021,5.506039
PRIVATE_IP_021,11.225939
PRIVATE_IP_021,8.810043
PRIVATE_IP_021,5.507946
PRIVATE_IP_021,5.151033
PRIVATE_IP_021,5.253077
PRIVATE_IP_021,4.514933
PRIVATE_IP_021,4.168987
PRIVATE_IP_021,5.811930
PRIVATE_IP_021,9.308815
PRIVATE_IP_021,5.820036
PRIVATE_IP_021,5.661964
PRIVATE_IP_021,7.592916
PRIVATE_IP_021,3.936052
PRIVATE_IP_021,7.115126
PRIVATE_IP_021,8.215904
PRIVATE_IP_021,5.084991
PRIVATE_IP_021,8.934021
PRIVATE_IP_021,5.897045
PRIVATE_IP_021,6.701946
PRIVATE_IP_021,7.671118
PRIVATE_IP_021,4.483938
PRIVATE_IP_021,8.265972
PRIVATE_IP_021,5.563974
PRIVATE_IP_021,3.242016
PRIVATE_IP_021,4.086018
PRIVATE_IP_021,6.012201
PRIVATE_IP_021,4.607916
PRIVATE_IP_021,9.480000
PRIVATE_IP_021,7.496119
PRIVATE_IP_021,13.611078
PRIVATE_IP_021,6.438017
PRIVATE_IP_021,5.765915
PRIVATE_IP_021,4.342794
PRIVATE_IP_021,6.113052
PRIVATE_IP_021,5.113840
PRIVATE_IP_021,5.059004
PRIVATE_IP_021,4.027843
PRIVATE_IP_021,3.882885
PRIVATE_IP_021,4.867077
PRIVATE_IP_021,5.839109
PRIVATE_IP_021,5.770922
PRIVATE_IP_021,8.999825
PRIVATE_IP_021,4.376888
PRIVATE_IP_021,8.299112
PRIVATE_IP_021,7.190943
PRIVATE_IP_021,7.930040
PRIVATE_IP_021,5.916834
PRIVATE_IP_021,4.767895
PRIVATE_IP_021,5.737066
PRIVATE_IP_021,5.041838
PRIVATE_IP_021,4.162073
PRIVATE_IP_021,7.035017
PRIVATE_IP_021,7.229090
PRIVATE_IP_021,7.403135
PRIVATE_IP_021,12.603998
PRIVATE_IP_021,4.954815
PRIVATE_IP_021,3.960133
PRIVATE_IP_021,6.219864
PRIVATE_IP_021,6.011963
PRIVATE_IP_021,7.960081
PRIVATE_IP_021,4.233837
PRIVATE_IP_021,5.577087
PRIVATE_IP_021,6.604910
PRIVATE_IP_021,3.467083
PRIVATE_IP_021,8.788109
PRIVATE_IP_021,8.085966
PRIVATE_IP_021,4.252911
PRIVATE_IP_021,9.119034
PRIVATE_IP_021,7.349014
PRIVATE_IP_021,5.734921
PRIVATE_IP_021,8.448839
PRIVATE_IP_021,5.836964
PRIVATE_IP_021,8.494854
PRIVATE_IP_021,8.565903
PRIVATE_IP_021,5.045176
PRIVATE_IP_021,4.842043
PRIVATE_IP_021,3.895044
PRIVATE_IP_021,5.630016
PRIVATE_IP_021,8.807898
PRIVATE_IP_021,5.228043
PRIVATE_IP_021,4.486084
PRIVATE_IP_021,5.424023
PRIVATE_IP_021,6.188869
PRIVATE_IP_021,16.887903
PRIVATE_IP_021,6.687164
PRIVATE_IP_021,7.243156
PRIVATE_IP_021,4.004002
PRIVATE_IP_021,5.712032
PRIVATE_IP_021,8.293152
PRIVATE_IP_021,4.790068
PRIVATE_IP_021,7.723093
PRIVATE_IP_021,7.335901
PRIVATE_IP_021,4.942894
PRIVATE_IP_021,4.292965
PRIVATE_IP_021,7.055998
PRIVATE_IP_021,9.307146
PRIVATE_IP_021,7.257938
PRIVATE_IP_021,5.551100
PRIVATE_IP_021,5.908966
PRIVATE_IP_021,10.809898
PRIVATE_IP_021,5.599976
PRIVATE_IP_021,4.280090
PRIVATE_IP_021,4.613876
PRIVATE_IP_021,7.164955
PRIVATE_IP_021,5.137205
PRIVATE_IP_021,9.399176
PRIVATE_IP_021,8.491039
PRIVATE_IP_021,5.077124
PRIVATE_IP_021,5.989075
PRIVATE_IP_021,4.805803
PRIVATE_IP_021,7.539988
PRIVATE_IP_021,4.189968
PRIVATE_IP_021,9.310007
PRIVATE_IP_021,8.565903
PRIVATE_IP_021,3.190994
PRIVATE_IP_021,9.892941
PRIVATE_IP_021,4.964113
PRIVATE_IP_021,6.735086
PRIVATE_IP_021,5.681038
PRIVATE_IP_021,5.052090
PRIVATE_IP_021,8.677006
PRIVATE_IP_021,9.172916
PRIVATE_IP_021,7.456064
PRIVATE_IP_021,7.994175
PRIVATE_IP_021,5.717039
PRIVATE_IP_021,6.002188
PRIVATE_IP_021,5.231857
PRIVATE_IP_021,5.633831
PRIVATE_IP_021,11.826038
